Workbook

Sheet BioBlitz Surveys - Wetland
B1: Identification Information | Informations d'identification | F1: Prevalence Across Sites | Prévalence parmi les sites | G1: Plot 1 | L1: Plot 2 | Q1: Plot 3 | V1: Plot 4 | AA1: Plot 5
A2: Obs. no. | B2: Latin name | Nom latin | C2: Common name | Nom commun | D2: Taxon type | Type de taxon [Dropdown menu] | E2: Group Colour | Couleur de groupe | F2: Do you see this organism yet on the list? | Est-ce que vous voyez déjà cet organisme sur la liste? (Yes or No) | G2: Plot 1 Presence | H2: Plot 1 Cover | I2: DO NOT CHANGE Cover proportion | J2: Other remarks | K2: Height (cm) | L2: Plot 2 Presence | M2: Plot 2 Cover | N2: DO NOT CHANGE Cover proportion | O2: Other remarks | P2: Height (cm) | Q2: Plot 3 Presence | R2: Plot 3 Cover | S2: DO NOT CHANGE Cover proportion | T2: Other remarks | U2: Height (cm) | V2: Plot 4 Presence | W2: Plot 4 Cover | X2: DO NOT CHANGE Cover proportion | Y2: Other remarks | Z2: Height (cm) | AA2: Plot 5 Presence | AB2: Plot 5 Cover | AC2: DO NOT CHANGE Cover proportion | AD2: Other remarks | AE2: Height (cm)
A3: EXAMPLE | B3: Larix laricina | C3: Tamarack | D3: Evergreen tree | Arbre sempervirent | E3: Purple | F3: Yes | G3: Yes | H3: 4 | I3: =IF(H3 = 5, 1, IF(H3 = 4, 0.75, IF(H3 = 3, 0.5, IF(H3 = 2, 0.25, IF(H3 = 1, 0.05, IF(H3 = "<1%", 0.01, IF(H3 = "", ""))))))) -> 0.75 | J3: 1 | K3: 6 | L3: Yes | M3: 3 | N3: =IF(M3 = 5, 1, IF(M3 = 4, 0.75, IF(M3 = 3, 0.5, IF(M3 = 2, 0.25, IF(M3 = 1, 0.05, IF(M3 = "<1%", 0.01, IF(M3 = "", ""))))))) -> 0.5 | O3: 1 | P3: 6 | Q3: No | S3: =IF(R3 = 5, 1, IF(R3 = 4, 0.75, IF(R3 = 3, 0.5, IF(R3 = 2, 0.25, IF(R3 = 1, 0.05, IF(R3 = "<1%", 0.01, IF(R3 = "", ""))))))) | V3: No | X3: =IF(W3 = 5, 1, IF(W3 = 4, 0.75, IF(W3 = 3, 0.5, IF(W3 = 2, 0.25, IF(W3 = 1, 0.05, IF(W3 = "<1%", 0.01, IF(W3 = "", ""))))))) | AA3: Yes | AB3: 5 | AC3: =IF(AB3 = 5, 1, IF(AB3 = 4, 0.75, IF(AB3 = 3, 0.5, IF(AB3 = 2, 0.25, IF(AB3 = 1, 0.05, IF(AB3 = "<1%", 0.01, IF(AB3 = "", ""))))))) -> 1 | AD3: 1 | AE3: 6
A4: 1 | B4: Bidens discoidea | C4: Swamp Beggarticks | D4: Aquatic plant | Plante aquatique | E4: Pink | F4: Yes | G4: Yes | H4: 4 | I4: =IF(H4 = 5, 1, IF(H4 = 4, 0.75, IF(H4 = 3, 0.5, IF(H4 = 2, 0.25, IF(H4 = 1, 0.05, IF(H4 = "<1%", 0.01, IF(H4 = "", ""))))))) -> 0.75 | K4: 3 | L4: Yes | M4: 1 | N4: =IF(M4 = 5, 1, IF(M4 = 4, 0.75, IF(M4 = 3, 0.5, IF(M4 = 2, 0.25, IF(M4 = 1, 0.05, IF(M4 = "<1%", 0.01, IF(M4 = "", ""))))))) -> 0.05 | P4: 3 | Q4: Yes | R4: 1 | S4: =IF(R4 = 5, 1, IF(R4 = 4, 0.75, IF(R4 = 3, 0.5, IF(R4 = 2, 0.25, IF(R4 = 1, 0.05, IF(R4 = "<1%", 0.01, IF(R4 = "", ""))))))) -> 0.05 | U4: 3 | V4: Yes | W4: 1 | X4: =IF(W4 = 5, 1, IF(W4 = 4, 0.75, IF(W4 = 3, 0.5, IF(W4 = 2, 0.25, IF(W4 = 1, 0.05, IF(W4 = "<1%", 0.01, IF(W4 = "", ""))))))) -> 0.05 | Z4: 3 | AA4: No | AC4: =IF(AB4 = 5, 1, IF(AB4 = 4, 0.75, IF(AB4 = 3, 0.5, IF(AB4 = 2, 0.25, IF(AB4 = 1, 0.05, IF(AB4 = "<1%", 0.01, IF(AB4 = "", "")))))))
A5: 2 | B5: Chamaedaphne calyculata | C5: Leather leaf | D5: Shrub | Arbuste | E5: Pink | F5: Yes | G5: Yes | H5: 2 | I5: =IF(H5 = 5, 1, IF(H5 = 4, 0.75, IF(H5 = 3, 0.5, IF(H5 = 2, 0.25, IF(H5 = 1, 0.05, IF(H5 = "<1%", 0.01, IF(H5 = "", ""))))))) -> 0.25 | K5: 2 | L5: Yes | M5: 2 | N5: =IF(M5 = 5, 1, IF(M5 = 4, 0.75, IF(M5 = 3, 0.5, IF(M5 = 2, 0.25, IF(M5 = 1, 0.05, IF(M5 = "<1%", 0.01, IF(M5 = "", ""))))))) -> 0.25 | P5: 2 | Q5: Yes | R5: 2 | S5: =IF(R5 = 5, 1, IF(R5 = 4, 0.75, IF(R5 = 3, 0.5, IF(R5 = 2, 0.25, IF(R5 = 1, 0.05, IF(R5 = "<1%", 0.01, IF(R5 = "", ""))))))) -> 0.25 | U5: 2 | V5: No | X5: =IF(W5 = 5, 1, IF(W5 = 4, 0.75, IF(W5 = 3, 0.5, IF(W5 = 2, 0.25, IF(W5 = 1, 0.05, IF(W5 = "<1%", 0.01, IF(W5 = "", ""))))))) | Z5: 2 | AA5: Yes | AB5: 2 | AC5: =IF(AB5 = 5, 1, IF(AB5 = 4, 0.75, IF(AB5 = 3, 0.5, IF(AB5 = 2, 0.25, IF(AB5 = 1, 0.05, IF(AB5 = "<1%", 0.01, IF(AB5 = "", ""))))))) -> 0.25 | AE5: 2
A6: 3 | B6: Dulichium arundinaceum | C6: Three-way sedge | D6: Grass or Sedge | Graminée | E6: Pink | F6: Yes | G6: No | I6: =IF(H6 = 5, 1, IF(H6 = 4, 0.75, IF(H6 = 3, 0.5, IF(H6 = 2, 0.25, IF(H6 = 1, 0.05, IF(H6 = "<1%", 0.01, IF(H6 = "", ""))))))) | K6: 2 | L6: Yes | M6: 2 | N6: =IF(M6 = 5, 1, IF(M6 = 4, 0.75, IF(M6 = 3, 0.5, IF(M6 = 2, 0.25, IF(M6 = 1, 0.05, IF(M6 = "<1%", 0.01, IF(M6 = "", ""))))))) -> 0.25 | P6: 2 | Q6: Yes | R6: 2 | S6: =IF(R6 = 5, 1, IF(R6 = 4, 0.75, IF(R6 = 3, 0.5, IF(R6 = 2, 0.25, IF(R6 = 1, 0.05, IF(R6 = "<1%", 0.01, IF(R6 = "", ""))))))) -> 0.25 | U6: 2 | V6: Yes | W6: 2 | X6: =IF(W6 = 5, 1, IF(W6 = 4, 0.75, IF(W6 = 3, 0.5, IF(W6 = 2, 0.25, IF(W6 = 1, 0.05, IF(W6 = "<1%", 0.01, IF(W6 = "", ""))))))) -> 0.25 | Z6: 2 | AA6: No | AC6: =IF(AB6 = 5, 1, IF(AB6 = 4, 0.75, IF(AB6 = 3, 0.5, IF(AB6 = 2, 0.25, IF(AB6 = 1, 0.05, IF(AB6 = "<1%", 0.01, IF(AB6 = "", ""))))))) | AE6: 2
A7: 4 | B7: Galium | C7: Bedstraws | D7: Shrub | Arbuste | E7: Pink | F7: Yes | G7: No | I7: =IF(H7 = 5, 1, IF(H7 = 4, 0.75, IF(H7 = 3, 0.5, IF(H7 = 2, 0.25, IF(H7 = 1, 0.05, IF(H7 = "<1%", 0.01, IF(H7 = "", ""))))))) | K7: 3 | L7: No | N7: =IF(M7 = 5, 1, IF(M7 = 4, 0.75, IF(M7 = 3, 0.5, IF(M7 = 2, 0.25, IF(M7 = 1, 0.05, IF(M7 = "<1%", 0.01, IF(M7 = "", ""))))))) | P7: 3 | Q7: No | S7: =IF(R7 = 5, 1, IF(R7 = 4, 0.75, IF(R7 = 3, 0.5, IF(R7 = 2, 0.25, IF(R7 = 1, 0.05, IF(R7 = "<1%", 0.01, IF(R7 = "", ""))))))) | U7: 3 | V7: Yes | W7: 1 | X7: =IF(W7 = 5, 1, IF(W7 = 4, 0.75, IF(W7 = 3, 0.5, IF(W7 = 2, 0.25, IF(W7 = 1, 0.05, IF(W7 = "<1%", 0.01, IF(W7 = "", ""))))))) -> 0.05 | Z7: 3 | AA7: Yes | AB7: 1 | AC7: =IF(AB7 = 5, 1, IF(AB7 = 4, 0.75, IF(AB7 = 3, 0.5, IF(AB7 = 2, 0.25, IF(AB7 = 1, 0.05, IF(AB7 = "<1%", 0.01, IF(AB7 = "", ""))))))) -> 0.05 | AE7: 3
A8: 5 | B8: Lycopus uniflorus | C8: Northern water-horehound | D8: Grass or Sedge | Graminée | E8: Pink | F8: Yes | G8: No | I8: =IF(H8 = 5, 1, IF(H8 = 4, 0.75, IF(H8 = 3, 0.5, IF(H8 = 2, 0.25, IF(H8 = 1, 0.05, IF(H8 = "<1%", 0.01, IF(H8 = "", ""))))))) | K8: 3 | L8: No | N8: =IF(M8 = 5, 1, IF(M8 = 4, 0.75, IF(M8 = 3, 0.5, IF(M8 = 2, 0.25, IF(M8 = 1, 0.05, IF(M8 = "<1%", 0.01, IF(M8 = "", ""))))))) | P8: 3 | Q8: No | S8: =IF(R8 = 5, 1, IF(R8 = 4, 0.75, IF(R8 = 3, 0.5, IF(R8 = 2, 0.25, IF(R8 = 1, 0.05, IF(R8 = "<1%", 0.01, IF(R8 = "", ""))))))) | U8: 3 | V8: Yes | W8: 1 | X8: =IF(W8 = 5, 1, IF(W8 = 4, 0.75, IF(W8 = 3, 0.5, IF(W8 = 2, 0.25, IF(W8 = 1, 0.05, IF(W8 = "<1%", 0.01, IF(W8 = "", ""))))))) -> 0.05 | Z8: 3 | AA8: Yes | AB8: 1 | AC8: =IF(AB8 = 5, 1, IF(AB8 = 4, 0.75, IF(AB8 = 3, 0.5, IF(AB8 = 2, 0.25, IF(AB8 = 1, 0.05, IF(AB8 = "<1%", 0.01, IF(AB8 = "", ""))))))) -> 0.05 | AE8: 3
A9: 6 | B9: Lythrum salicaria | C9: Purple loosestrife | D9: Grass or Sedge | Graminée | E9: Pink | F9: No | G9: No | I9: =IF(H9 = 5, 1, IF(H9 = 4, 0.75, IF(H9 = 3, 0.5, IF(H9 = 2, 0.25, IF(H9 = 1, 0.05, IF(H9 = "<1%", 0.01, IF(H9 = "", ""))))))) | K9: 3 | L9: No | N9: =IF(M9 = 5, 1, IF(M9 = 4, 0.75, IF(M9 = 3, 0.5, IF(M9 = 2, 0.25, IF(M9 = 1, 0.05, IF(M9 = "<1%", 0.01, IF(M9 = "", ""))))))) | P9: 3 | Q9: No | S9: =IF(R9 = 5, 1, IF(R9 = 4, 0.75, IF(R9 = 3, 0.5, IF(R9 = 2, 0.25, IF(R9 = 1, 0.05, IF(R9 = "<1%", 0.01, IF(R9 = "", ""))))))) | U9: 3 | V9: No | X9: =IF(W9 = 5, 1, IF(W9 = 4, 0.75, IF(W9 = 3, 0.5, IF(W9 = 2, 0.25, IF(W9 = 1, 0.05, IF(W9 = "<1%", 0.01, IF(W9 = "", ""))))))) | Z9: 3 | AA9: Yes | AB9: 1 | AC9: =IF(AB9 = 5, 1, IF(AB9 = 4, 0.75, IF(AB9 = 3, 0.5, IF(AB9 = 2, 0.25, IF(AB9 = 1, 0.05, IF(AB9 = "<1%", 0.01, IF(AB9 = "", ""))))))) -> 0.05 | AE9: 3
A10: 7 | B10: Onoclea sensibilis | C10: Sensitive fern | D10: Fern | Fougère | E10: Pink | F10: Yes | G10: Yes | H10: 1 | I10: =IF(H10 = 5, 1, IF(H10 = 4, 0.75, IF(H10 = 3, 0.5, IF(H10 = 2, 0.25, IF(H10 = 1, 0.05, IF(H10 = "<1%", 0.01, IF(H10 = "", ""))))))) -> 0.05 | K10: 2 | L10: Yes | M10: 1 | N10: =IF(M10 = 5, 1, IF(M10 = 4, 0.75, IF(M10 = 3, 0.5, IF(M10 = 2, 0.25, IF(M10 = 1, 0.05, IF(M10 = "<1%", 0.01, IF(M10 = "", ""))))))) -> 0.05 | P10: 2 | Q10: Yes | R10: 1 | S10: =IF(R10 = 5, 1, IF(R10 = 4, 0.75, IF(R10 = 3, 0.5, IF(R10 = 2, 0.25, IF(R10 = 1, 0.05, IF(R10 = "<1%", 0.01, IF(R10 = "", ""))))))) -> 0.05 | U10: 2 | V10: Yes | W10: 1 | X10: =IF(W10 = 5, 1, IF(W10 = 4, 0.75, IF(W10 = 3, 0.5, IF(W10 = 2, 0.25, IF(W10 = 1, 0.05, IF(W10 = "<1%", 0.01, IF(W10 = "", ""))))))) -> 0.05 | Z10: 2 | AA10: Yes | AB10: 1 | AC10: =IF(AB10 = 5, 1, IF(AB10 = 4, 0.75, IF(AB10 = 3, 0.5, IF(AB10 = 2, 0.25, IF(AB10 = 1, 0.05, IF(AB10 = "<1%", 0.01, IF(AB10 = "", ""))))))) -> 0.05 | AE10: 2
A11: 8 | B11: Phalaris canariensis | C11: Seed canary grass | D11: Grass or Sedge | Graminée | E11: Pink | F11: Yes | G11: No | I11: =IF(H11 = 5, 1, IF(H11 = 4, 0.75, IF(H11 = 3, 0.5, IF(H11 = 2, 0.25, IF(H11 = 1, 0.05, IF(H11 = "<1%", 0.01, IF(H11 = "", ""))))))) | K11: 2 | L11: No | M11: 2 | N11: =IF(M11 = 5, 1, IF(M11 = 4, 0.75, IF(M11 = 3, 0.5, IF(M11 = 2, 0.25, IF(M11 = 1, 0.05, IF(M11 = "<1%", 0.01, IF(M11 = "", ""))))))) -> 0.25 | P11: 2 | Q11: No | S11: =IF(R11 = 5, 1, IF(R11 = 4, 0.75, IF(R11 = 3, 0.5, IF(R11 = 2, 0.25, IF(R11 = 1, 0.05, IF(R11 = "<1%", 0.01, IF(R11 = "", ""))))))) | U11: 2 | V11: Yes | W11: 2 | X11: =IF(W11 = 5, 1, IF(W11 = 4, 0.75, IF(W11 = 3, 0.5, IF(W11 = 2, 0.25, IF(W11 = 1, 0.05, IF(W11 = "<1%", 0.01, IF(W11 = "", ""))))))) -> 0.25 | Z11: 2 | AA11: Yes | AB11: 2 | AC11: =IF(AB11 = 5, 1, IF(AB11 = 4, 0.75, IF(AB11 = 3, 0.5, IF(AB11 = 2, 0.25, IF(AB11 = 1, 0.05, IF(AB11 = "<1%", 0.01, IF(AB11 = "", ""))))))) -> 0.25 | AE11: 2
A12: 9 | B12: Spiraea tomentosa | C12: Steeplebush | D12: Shrub | Arbuste | E12: Pink | F12: Yes | G12: Yes | H12: 3 | I12: =IF(H12 = 5, 1, IF(H12 = 4, 0.75, IF(H12 = 3, 0.5, IF(H12 = 2, 0.25, IF(H12 = 1, 0.05, IF(H12 = "<1%", 0.01, IF(H12 = "", ""))))))) -> 0.5 | K12: 3 | L12: No | N12: =IF(M12 = 5, 1, IF(M12 = 4, 0.75, IF(M12 = 3, 0.5, IF(M12 = 2, 0.25, IF(M12 = 1, 0.05, IF(M12 = "<1%", 0.01, IF(M12 = "", ""))))))) | P12: 3 | Q12: No | S12: =IF(R12 = 5, 1, IF(R12 = 4, 0.75, IF(R12 = 3, 0.5, IF(R12 = 2, 0.25, IF(R12 = 1, 0.05, IF(R12 = "<1%", 0.01, IF(R12 = "", ""))))))) | U12: 3 | V12: Yes | W12: 1 | X12: =IF(W12 = 5, 1, IF(W12 = 4, 0.75, IF(W12 = 3, 0.5, IF(W12 = 2, 0.25, IF(W12 = 1, 0.05, IF(W12 = "<1%", 0.01, IF(W12 = "", ""))))))) -> 0.05 | Z12: 3 | AA12: Yes | AB12: 1 | AC12: =IF(AB12 = 5, 1, IF(AB12 = 4, 0.75, IF(AB12 = 3, 0.5, IF(AB12 = 2, 0.25, IF(AB12 = 1, 0.05, IF(AB12 = "<1%", 0.01, IF(AB12 = "", ""))))))) -> 0.05 | AE12: 3
A13: 10 | B13: Thelypteris palustris | C13: Marsh Fern | D13: Fern | Fougère | E13: Pink | F13: Yes | G13: No | I13: =IF(H13 = 5, 1, IF(H13 = 4, 0.75, IF(H13 = 3, 0.5, IF(H13 = 2, 0.25, IF(H13 = 1, 0.05, IF(H13 = "<1%", 0.01, IF(H13 = "", ""))))))) | K13: 3 | L13: No | N13: =IF(M13 = 5, 1, IF(M13 = 4, 0.75, IF(M13 = 3, 0.5, IF(M13 = 2, 0.25, IF(M13 = 1, 0.05, IF(M13 = "<1%", 0.01, IF(M13 = "", ""))))))) | P13: 3 | Q13: Yes | R13: 1 | S13: =IF(R13 = 5, 1, IF(R13 = 4, 0.75, IF(R13 = 3, 0.5, IF(R13 = 2, 0.25, IF(R13 = 1, 0.05, IF(R13 = "<1%", 0.01, IF(R13 = "", ""))))))) -> 0.05 | U13: 3 | V13: No | X13: =IF(W13 = 5, 1, IF(W13 = 4, 0.75, IF(W13 = 3, 0.5, IF(W13 = 2, 0.25, IF(W13 = 1, 0.05, IF(W13 = "<1%", 0.01, IF(W13 = "", ""))))))) | Z13: 3 | AA13: No | AC13: =IF(AB13 = 5, 1, IF(AB13 = 4, 0.75, IF(AB13 = 3, 0.5, IF(AB13 = 2, 0.25, IF(AB13 = 1, 0.05, IF(AB13 = "<1%", 0.01, IF(AB13 = "", ""))))))) | AE13: 3
A14: 11 | B14: Typha angustifolia | C14: Narrow-leaved Cattail | D14: Aquatic plant | Plante aquatique | E14: Pink | F14: Yes | G14: Yes | H14: 4 | I14: =IF(H14 = 5, 1, IF(H14 = 4, 0.75, IF(H14 = 3, 0.5, IF(H14 = 2, 0.25, IF(H14 = 1, 0.05, IF(H14 = "<1%", 0.01, IF(H14 = "", ""))))))) -> 0.75 | K14: 4 | L14: Yes | M14: 4 | N14: =IF(M14 = 5, 1, IF(M14 = 4, 0.75, IF(M14 = 3, 0.5, IF(M14 = 2, 0.25, IF(M14 = 1, 0.05, IF(M14 = "<1%", 0.01, IF(M14 = "", ""))))))) -> 0.75 | P14: 4 | Q14: Yes | R14: 4 | S14: =IF(R14 = 5, 1, IF(R14 = 4, 0.75, IF(R14 = 3, 0.5, IF(R14 = 2, 0.25, IF(R14 = 1, 0.05, IF(R14 = "<1%", 0.01, IF(R14 = "", ""))))))) -> 0.75 | U14: 4 | V14: Yes | W14: 4 | X14: =IF(W14 = 5, 1, IF(W14 = 4, 0.75, IF(W14 = 3, 0.5, IF(W14 = 2, 0.25, IF(W14 = 1, 0.05, IF(W14 = "<1%", 0.01, IF(W14 = "", ""))))))) -> 0.75 | Z14: 4 | AA14: Yes | AB14: 4 | AC14: =IF(AB14 = 5, 1, IF(AB14 = 4, 0.75, IF(AB14 = 3, 0.5, IF(AB14 = 2, 0.25, IF(AB14 = 1, 0.05, IF(AB14 = "<1%", 0.01, IF(AB14 = "", ""))))))) -> 0.75 | AE14: 4
A15: 12 | B15: Alnus sp. | C15: Alder | D15: Deciduous tree | Arbre décidu | E15: Purple | F15: No | G15: No | I15: =IF(H15 = 5, 1, IF(H15 = 4, 0.75, IF(H15 = 3, 0.5, IF(H15 = 2, 0.25, IF(H15 = 1, 0.05, IF(H15 = "<1%", 0.01, IF(H15 = "", ""))))))) | L15: Yes | M15: 1 | N15: =IF(M15 = 5, 1, IF(M15 = 4, 0.75, IF(M15 = 3, 0.5, IF(M15 = 2, 0.25, IF(M15 = 1, 0.05, IF(M15 = "<1%", 0.01, IF(M15 = "", ""))))))) -> 0.05 | O15: 1, 5, Ca, FR | P15: 50 to 500 | Q15: No | S15: =IF(R15 = 5, 1, IF(R15 = 4, 0.75, IF(R15 = 3, 0.5, IF(R15 = 2, 0.25, IF(R15 = 1, 0.05, IF(R15 = "<1%", 0.01, IF(R15 = "", ""))))))) | V15: No | X15: =IF(W15 = 5, 1, IF(W15 = 4, 0.75, IF(W15 = 3, 0.5, IF(W15 = 2, 0.25, IF(W15 = 1, 0.05, IF(W15 = "<1%", 0.01, IF(W15 = "", ""))))))) | AA15: No | AC15: =IF(AB15 = 5, 1, IF(AB15 = 4, 0.75, IF(AB15 = 3, 0.5, IF(AB15 = 2, 0.25, IF(AB15 = 1, 0.05, IF(AB15 = "<1%", 0.01, IF(AB15 = "", "")))))))
A16: 13 | B16: Calla palustris | C16: Marsh callas | D16: Aquatic plant | Plante aquatique | E16: Purple | F16: No | G16: Yes | H16: 1 | I16: =IF(H16 = 5, 1, IF(H16 = 4, 0.75, IF(H16 = 3, 0.5, IF(H16 = 2, 0.25, IF(H16 = 1, 0.05, IF(H16 = "<1%", 0.01, IF(H16 = "", ""))))))) -> 0.05 | J16: 2, 5 | K16: 10 to 50 | L16: No | N16: =IF(M16 = 5, 1, IF(M16 = 4, 0.75, IF(M16 = 3, 0.5, IF(M16 = 2, 0.25, IF(M16 = 1, 0.05, IF(M16 = "<1%", 0.01, IF(M16 = "", ""))))))) | Q16: Yes | R16: 1 | S16: =IF(R16 = 5, 1, IF(R16 = 4, 0.75, IF(R16 = 3, 0.5, IF(R16 = 2, 0.25, IF(R16 = 1, 0.05, IF(R16 = "<1%", 0.01, IF(R16 = "", ""))))))) -> 0.05 | T16: 2, 5 | U16: 0 to 10 | V16: No | X16: =IF(W16 = 5, 1, IF(W16 = 4, 0.75, IF(W16 = 3, 0.5, IF(W16 = 2, 0.25, IF(W16 = 1, 0.05, IF(W16 = "<1%", 0.01, IF(W16 = "", ""))))))) | AA16: No | AC16: =IF(AB16 = 5, 1, IF(AB16 = 4, 0.75, IF(AB16 = 3, 0.5, IF(AB16 = 2, 0.25, IF(AB16 = 1, 0.05, IF(AB16 = "<1%", 0.01, IF(AB16 = "", "")))))))
A17: 14 | B17: Chamaedaphne calyculata | C17: Leatherleaf | D17: Shrub | Arbuste | E17: Purple | F17: Yes | G17: Yes | H17: 1 | I17: =IF(H17 = 5, 1, IF(H17 = 4, 0.75, IF(H17 = 3, 0.5, IF(H17 = 2, 0.25, IF(H17 = 1, 0.05, IF(H17 = "<1%", 0.01, IF(H17 = "", ""))))))) -> 0.05 | J17: 2, 5 | K17: 10 to 50 | L17: Yes | M17: 2 | N17: =IF(M17 = 5, 1, IF(M17 = 4, 0.75, IF(M17 = 3, 0.5, IF(M17 = 2, 0.25, IF(M17 = 1, 0.05, IF(M17 = "<1%", 0.01, IF(M17 = "", ""))))))) -> 0.25 | O17: 2, 2 | P17: 10 to 50 | Q17: Yes | R17: 1 | S17: =IF(R17 = 5, 1, IF(R17 = 4, 0.75, IF(R17 = 3, 0.5, IF(R17 = 2, 0.25, IF(R17 = 1, 0.05, IF(R17 = "<1%", 0.01, IF(R17 = "", ""))))))) -> 0.05 | T17: 2, 2 | U17: 10 to 50 | V17: Yes | W17: 2 | X17: =IF(W17 = 5, 1, IF(W17 = 4, 0.75, IF(W17 = 3, 0.5, IF(W17 = 2, 0.25, IF(W17 = 1, 0.05, IF(W17 = "<1%", 0.01, IF(W17 = "", ""))))))) -> 0.25 | Y17: 2, 2 | Z17: 10 to 50 | AA17: Yes | AB17: 1 | AC17: =IF(AB17 = 5, 1, IF(AB17 = 4, 0.75, IF(AB17 = 3, 0.5, IF(AB17 = 2, 0.25, IF(AB17 = 1, 0.05, IF(AB17 = "<1%", 0.01, IF(AB17 = "", ""))))))) -> 0.05 | AD17: 2, 2 | AE17: 10 to 50
A18: 15 | B18: Dulichium arundinaceum | C18: Three-way sedge | D18: Grass or Sedge | Graminée | E18: Purple | F18: Yes | G18: No | I18: =IF(H18 = 5, 1, IF(H18 = 4, 0.75, IF(H18 = 3, 0.5, IF(H18 = 2, 0.25, IF(H18 = 1, 0.05, IF(H18 = "<1%", 0.01, IF(H18 = "", ""))))))) | L18: No | N18: =IF(M18 = 5, 1, IF(M18 = 4, 0.75, IF(M18 = 3, 0.5, IF(M18 = 2, 0.25, IF(M18 = 1, 0.05, IF(M18 = "<1%", 0.01, IF(M18 = "", ""))))))) | Q18: Yes | R18: 1 | S18: =IF(R18 = 5, 1, IF(R18 = 4, 0.75, IF(R18 = 3, 0.5, IF(R18 = 2, 0.25, IF(R18 = 1, 0.05, IF(R18 = "<1%", 0.01, IF(R18 = "", ""))))))) -> 0.05 | T18: 2, 2 | U18: 10 to 50 | V18: No | X18: =IF(W18 = 5, 1, IF(W18 = 4, 0.75, IF(W18 = 3, 0.5, IF(W18 = 2, 0.25, IF(W18 = 1, 0.05, IF(W18 = "<1%", 0.01, IF(W18 = "", ""))))))) | AA18: No | AC18: =IF(AB18 = 5, 1, IF(AB18 = 4, 0.75, IF(AB18 = 3, 0.5, IF(AB18 = 2, 0.25, IF(AB18 = 1, 0.05, IF(AB18 = "<1%", 0.01, IF(AB18 = "", "")))))))
A19: 16 | B19: Equisetum palustre | C19: Marsh horsetail | D19: Grass or Sedge | Graminée | E19: Purple | F19: No | G19: No | I19: =IF(H19 = 5, 1, IF(H19 = 4, 0.75, IF(H19 = 3, 0.5, IF(H19 = 2, 0.25, IF(H19 = 1, 0.05, IF(H19 = "<1%", 0.01, IF(H19 = "", ""))))))) | L19: Yes | M19: 1 | N19: =IF(M19 = 5, 1, IF(M19 = 4, 0.75, IF(M19 = 3, 0.5, IF(M19 = 2, 0.25, IF(M19 = 1, 0.05, IF(M19 = "<1%", 0.01, IF(M19 = "", ""))))))) -> 0.05 | O19: 1, 2 | P19: 10 to 50 | Q19: No | S19: =IF(R19 = 5, 1, IF(R19 = 4, 0.75, IF(R19 = 3, 0.5, IF(R19 = 2, 0.25, IF(R19 = 1, 0.05, IF(R19 = "<1%", 0.01, IF(R19 = "", ""))))))) | V19: No | X19: =IF(W19 = 5, 1, IF(W19 = 4, 0.75, IF(W19 = 3, 0.5, IF(W19 = 2, 0.25, IF(W19 = 1, 0.05, IF(W19 = "<1%", 0.01, IF(W19 = "", ""))))))) | AA19: No | AC19: =IF(AB19 = 5, 1, IF(AB19 = 4, 0.75, IF(AB19 = 3, 0.5, IF(AB19 = 2, 0.25, IF(AB19 = 1, 0.05, IF(AB19 = "<1%", 0.01, IF(AB19 = "", "")))))))
A20: 17 | B20: Lysimachia sp. | C20: Loosestrifes | D20: Grass or Sedge | Graminée | E20: Purple | F20: No | G20: Yes | H20: 1 | I20: =IF(H20 = 5, 1, IF(H20 = 4, 0.75, IF(H20 = 3, 0.5, IF(H20 = 2, 0.25, IF(H20 = 1, 0.05, IF(H20 = "<1%", 0.01, IF(H20 = "", ""))))))) -> 0.05 | J20: 1, 5 | K20: 0 to 10 | L20: No | N20: =IF(M20 = 5, 1, IF(M20 = 4, 0.75, IF(M20 = 3, 0.5, IF(M20 = 2, 0.25, IF(M20 = 1, 0.05, IF(M20 = "<1%", 0.01, IF(M20 = "", ""))))))) | Q20: No | S20: =IF(R20 = 5, 1, IF(R20 = 4, 0.75, IF(R20 = 3, 0.5, IF(R20 = 2, 0.25, IF(R20 = 1, 0.05, IF(R20 = "<1%", 0.01, IF(R20 = "", ""))))))) | V20: No | X20: =IF(W20 = 5, 1, IF(W20 = 4, 0.75, IF(W20 = 3, 0.5, IF(W20 = 2, 0.25, IF(W20 = 1, 0.05, IF(W20 = "<1%", 0.01, IF(W20 = "", ""))))))) | AA20: No | AC20: =IF(AB20 = 5, 1, IF(AB20 = 4, 0.75, IF(AB20 = 3, 0.5, IF(AB20 = 2, 0.25, IF(AB20 = 1, 0.05, IF(AB20 = "<1%", 0.01, IF(AB20 = "", "")))))))
A21: 18 | B21: Sphagnum sp. | C21: Sphagnum moss | D21: Moss | Mousse | E21: Purple | F21: Yes | G21: Yes | H21: 5 | I21: =IF(H21 = 5, 1, IF(H21 = 4, 0.75, IF(H21 = 3, 0.5, IF(H21 = 2, 0.25, IF(H21 = 1, 0.05, IF(H21 = "<1%", 0.01, IF(H21 = "", ""))))))) -> 1 | J21: 5, 5, DY | K21: 10 to 50 | L21: Yes | M21: 5 | N21: =IF(M21 = 5, 1, IF(M21 = 4, 0.75, IF(M21 = 3, 0.5, IF(M21 = 2, 0.25, IF(M21 = 1, 0.05, IF(M21 = "<1%", 0.01, IF(M21 = "", ""))))))) -> 1 | O21: 5, 5, DY | P21: 10 to 50 | Q21: Yes | R21: 4 | S21: =IF(R21 = 5, 1, IF(R21 = 4, 0.75, IF(R21 = 3, 0.5, IF(R21 = 2, 0.25, IF(R21 = 1, 0.05, IF(R21 = "<1%", 0.01, IF(R21 = "", ""))))))) -> 0.75 | T21: 5, 5 | U21: 10 to 50 | V21: Yes | W21: 5 | X21: =IF(W21 = 5, 1, IF(W21 = 4, 0.75, IF(W21 = 3, 0.5, IF(W21 = 2, 0.25, IF(W21 = 1, 0.05, IF(W21 = "<1%", 0.01, IF(W21 = "", ""))))))) -> 1 | Y21: 5, 5 | Z21: 10 to 50 | AA21: Yes | AB21: 5 | AC21: =IF(AB21 = 5, 1, IF(AB21 = 4, 0.75, IF(AB21 = 3, 0.5, IF(AB21 = 2, 0.25, IF(AB21 = 1, 0.05, IF(AB21 = "<1%", 0.01, IF(AB21 = "", ""))))))) -> 1 | AD21: 5, 5 | AE21: 10 to 50
A22: 19 | B22: Spiraea sp. | C22: Meadowsweets | D22: Shrub | Arbuste | E22: Purple | F22: Yes | G22: Yes | H22: 1 | I22: =IF(H22 = 5, 1, IF(H22 = 4, 0.75, IF(H22 = 3, 0.5, IF(H22 = 2, 0.25, IF(H22 = 1, 0.05, IF(H22 = "<1%", 0.01, IF(H22 = "", ""))))))) -> 0.05 | J22: 1, 5 | K22: 10 to 50 | L22: Yes | M22: 1 | N22: =IF(M22 = 5, 1, IF(M22 = 4, 0.75, IF(M22 = 3, 0.5, IF(M22 = 2, 0.25, IF(M22 = 1, 0.05, IF(M22 = "<1%", 0.01, IF(M22 = "", ""))))))) -> 0.05 | O22: 1, 5 | P22: 10 to 50 | Q22: No | S22: =IF(R22 = 5, 1, IF(R22 = 4, 0.75, IF(R22 = 3, 0.5, IF(R22 = 2, 0.25, IF(R22 = 1, 0.05, IF(R22 = "<1%", 0.01, IF(R22 = "", ""))))))) | V22: Yes | W22: 1 | X22: =IF(W22 = 5, 1, IF(W22 = 4, 0.75, IF(W22 = 3, 0.5, IF(W22 = 2, 0.25, IF(W22 = 1, 0.05, IF(W22 = "<1%", 0.01, IF(W22 = "", ""))))))) -> 0.05 | Y22: 1, 5 | Z22: 10 to 50 | AA22: Yes | AB22: 1 | AC22: =IF(AB22 = 5, 1, IF(AB22 = 4, 0.75, IF(AB22 = 3, 0.5, IF(AB22 = 2, 0.25, IF(AB22 = 1, 0.05, IF(AB22 = "<1%", 0.01, IF(AB22 = "", ""))))))) -> 0.05 | AD22: 1, 5 | AE22: 10 to 50
A23: 20 | B23: Subfamily Cyperoideae | C23: Grass/sedge | D23: Grass or Sedge | Graminée | E23: Purple | F23: No | G23: No | I23: =IF(H23 = 5, 1, IF(H23 = 4, 0.75, IF(H23 = 3, 0.5, IF(H23 = 2, 0.25, IF(H23 = 1, 0.05, IF(H23 = "<1%", 0.01, IF(H23 = "", ""))))))) | L23: Yes | M23: 1 | N23: =IF(M23 = 5, 1, IF(M23 = 4, 0.75, IF(M23 = 3, 0.5, IF(M23 = 2, 0.25, IF(M23 = 1, 0.05, IF(M23 = "<1%", 0.01, IF(M23 = "", ""))))))) -> 0.05 | O23: 2, 7 | P23: 10 to 50 | Q23: Yes | R23: 1 | S23: =IF(R23 = 5, 1, IF(R23 = 4, 0.75, IF(R23 = 3, 0.5, IF(R23 = 2, 0.25, IF(R23 = 1, 0.05, IF(R23 = "<1%", 0.01, IF(R23 = "", ""))))))) -> 0.05 | T23: 2, 7 | U23: 10 to 50 | V23: Yes | W23: 2 | X23: =IF(W23 = 5, 1, IF(W23 = 4, 0.75, IF(W23 = 3, 0.5, IF(W23 = 2, 0.25, IF(W23 = 1, 0.05, IF(W23 = "<1%", 0.01, IF(W23 = "", ""))))))) -> 0.25 | Y23: 2, 7 | Z23: 10 to 50 | AA23: No | AC23: =IF(AB23 = 5, 1, IF(AB23 = 4, 0.75, IF(AB23 = 3, 0.5, IF(AB23 = 2, 0.25, IF(AB23 = 1, 0.05, IF(AB23 = "<1%", 0.01, IF(AB23 = "", "")))))))
A24: 21 | B24: Typha sp. | C24: Cattails | D24: Aquatic plant | Plante aquatique | E24: Purple | F24: Yes | G24: Yes | H24: 1 | I24: =IF(H24 = 5, 1, IF(H24 = 4, 0.75, IF(H24 = 3, 0.5, IF(H24 = 2, 0.25, IF(H24 = 1, 0.05, IF(H24 = "<1%", 0.01, IF(H24 = "", ""))))))) -> 0.05 | J24: 3, 5, Ca | K24: 50 to 200 | L24: Yes | M24: 1 | N24: =IF(M24 = 5, 1, IF(M24 = 4, 0.75, IF(M24 = 3, 0.5, IF(M24 = 2, 0.25, IF(M24 = 1, 0.05, IF(M24 = "<1%", 0.01, IF(M24 = "", ""))))))) -> 0.05 | O24: 3, 5, Ca | P24: 50 to 200 | Q24: Yes | R24: 1 | S24: =IF(R24 = 5, 1, IF(R24 = 4, 0.75, IF(R24 = 3, 0.5, IF(R24 = 2, 0.25, IF(R24 = 1, 0.05, IF(R24 = "<1%", 0.01, IF(R24 = "", ""))))))) -> 0.05 | T24: 3, 5, Ca | U24: 50 to 200 | V24: Yes | W24: 1 | X24: =IF(W24 = 5, 1, IF(W24 = 4, 0.75, IF(W24 = 3, 0.5, IF(W24 = 2, 0.25, IF(W24 = 1, 0.05, IF(W24 = "<1%", 0.01, IF(W24 = "", ""))))))) -> 0.05 | Y24: 3, 5, Ca | Z24: 50 to 200 | AA24: Yes | AB24: 1 | AC24: =IF(AB24 = 5, 1, IF(AB24 = 4, 0.75, IF(AB24 = 3, 0.5, IF(AB24 = 2, 0.25, IF(AB24 = 1, 0.05, IF(AB24 = "<1%", 0.01, IF(AB24 = "", ""))))))) -> 0.05 | AD24: 1, 5, Ca | AE24: 50 to 200
A25: 22 | B25: Chamaedaphne calyculata | C25: Leatherleaf | D25: Evergreen tree | Arbre sempervirent | E25: Yellow | F25: Yes | G25: Yes | H25: 5 | I25: =IF(H25 = 5, 1, IF(H25 = 4, 0.75, IF(H25 = 3, 0.5, IF(H25 = 2, 0.25, IF(H25 = 1, 0.05, IF(H25 = "<1%", 0.01, IF(H25 = "", ""))))))) -> 1 | J25: 5 | L25: Yes | M25: 4 | N25: =IF(M25 = 5, 1, IF(M25 = 4, 0.75, IF(M25 = 3, 0.5, IF(M25 = 2, 0.25, IF(M25 = 1, 0.05, IF(M25 = "<1%", 0.01, IF(M25 = "", ""))))))) -> 0.75 | Q25: Yes | R25: 4 | S25: =IF(R25 = 5, 1, IF(R25 = 4, 0.75, IF(R25 = 3, 0.5, IF(R25 = 2, 0.25, IF(R25 = 1, 0.05, IF(R25 = "<1%", 0.01, IF(R25 = "", ""))))))) -> 0.75 | V25: No | X25: =IF(W25 = 5, 1, IF(W25 = 4, 0.75, IF(W25 = 3, 0.5, IF(W25 = 2, 0.25, IF(W25 = 1, 0.05, IF(W25 = "<1%", 0.01, IF(W25 = "", ""))))))) | AA25: Yes | AB25: 3 | AC25: =IF(AB25 = 5, 1, IF(AB25 = 4, 0.75, IF(AB25 = 3, 0.5, IF(AB25 = 2, 0.25, IF(AB25 = 1, 0.05, IF(AB25 = "<1%", 0.01, IF(AB25 = "", ""))))))) -> 0.5
A26: 23 | B26: Larix laricina | C26: Larch | D26: Deciduous tree | Arbre décidu | E26: Yellow | F26: No | G26: Yes | H26: 1 | I26: =IF(H26 = 5, 1, IF(H26 = 4, 0.75, IF(H26 = 3, 0.5, IF(H26 = 2, 0.25, IF(H26 = 1, 0.05, IF(H26 = "<1%", 0.01, IF(H26 = "", ""))))))) -> 0.05 | J26: SP | K26: 64 | L26: No | N26: =IF(M26 = 5, 1, IF(M26 = 4, 0.75, IF(M26 = 3, 0.5, IF(M26 = 2, 0.25, IF(M26 = 1, 0.05, IF(M26 = "<1%", 0.01, IF(M26 = "", ""))))))) | Q26: Yes | S26: =IF(R26 = 5, 1, IF(R26 = 4, 0.75, IF(R26 = 3, 0.5, IF(R26 = 2, 0.25, IF(R26 = 1, 0.05, IF(R26 = "<1%", 0.01, IF(R26 = "", ""))))))) | V26: Yes | W26: 1 | X26: =IF(W26 = 5, 1, IF(W26 = 4, 0.75, IF(W26 = 3, 0.5, IF(W26 = 2, 0.25, IF(W26 = 1, 0.05, IF(W26 = "<1%", 0.01, IF(W26 = "", ""))))))) -> 0.05 | Y26: 1 DD, 1 SP | AA26: Yes | AB26: 1 | AC26: =IF(AB26 = 5, 1, IF(AB26 = 4, 0.75, IF(AB26 = 3, 0.5, IF(AB26 = 2, 0.25, IF(AB26 = 1, 0.05, IF(AB26 = "<1%", 0.01, IF(AB26 = "", ""))))))) -> 0.05 | AD26: FR, SP
A27: 24 | B27: Aronia melanocarpa | C27: Black chockeberry | D27: Shrub | Arbuste | E27: Yellow | F27: No | G27: No | I27: =IF(H27 = 5, 1, IF(H27 = 4, 0.75, IF(H27 = 3, 0.5, IF(H27 = 2, 0.25, IF(H27 = 1, 0.05, IF(H27 = "<1%", 0.01, IF(H27 = "", ""))))))) | L27: No | N27: =IF(M27 = 5, 1, IF(M27 = 4, 0.75, IF(M27 = 3, 0.5, IF(M27 = 2, 0.25, IF(M27 = 1, 0.05, IF(M27 = "<1%", 0.01, IF(M27 = "", ""))))))) | Q27: No | S27: =IF(R27 = 5, 1, IF(R27 = 4, 0.75, IF(R27 = 3, 0.5, IF(R27 = 2, 0.25, IF(R27 = 1, 0.05, IF(R27 = "<1%", 0.01, IF(R27 = "", ""))))))) | V27: Yes | W27: 0 | X27: 0.01 | Y27: Small dense clumps | Z27: 10 to 50 | AA27: Yes | AB27: 1 | AC27: =IF(AB27 = 5, 1, IF(AB27 = 4, 0.75, IF(AB27 = 3, 0.5, IF(AB27 = 2, 0.25, IF(AB27 = 1, 0.05, IF(AB27 = "<1%", 0.01, IF(AB27 = "", ""))))))) -> 0.05
A28: 25 | B28: Eriophorum angostifolium | C28: Cotton Grass | D28: Grass or Sedge | Graminée | E28: Yellow | F28: No | G28: No | I28: =IF(H28 = 5, 1, IF(H28 = 4, 0.75, IF(H28 = 3, 0.5, IF(H28 = 2, 0.25, IF(H28 = 1, 0.05, IF(H28 = "<1%", 0.01, IF(H28 = "", ""))))))) | L28: No | N28: =IF(M28 = 5, 1, IF(M28 = 4, 0.75, IF(M28 = 3, 0.5, IF(M28 = 2, 0.25, IF(M28 = 1, 0.05, IF(M28 = "<1%", 0.01, IF(M28 = "", ""))))))) | Q28: Yes | R28: 1 | S28: =IF(R28 = 5, 1, IF(R28 = 4, 0.75, IF(R28 = 3, 0.5, IF(R28 = 2, 0.25, IF(R28 = 1, 0.05, IF(R28 = "<1%", 0.01, IF(R28 = "", ""))))))) -> 0.05 | V28: Yes | W28: 5 | X28: =IF(W28 = 5, 1, IF(W28 = 4, 0.75, IF(W28 = 3, 0.5, IF(W28 = 2, 0.25, IF(W28 = 1, 0.05, IF(W28 = "<1%", 0.01, IF(W28 = "", ""))))))) -> 1 | AA28: Yes | AB28: 1 | AC28: =IF(AB28 = 5, 1, IF(AB28 = 4, 0.75, IF(AB28 = 3, 0.5, IF(AB28 = 2, 0.25, IF(AB28 = 1, 0.05, IF(AB28 = "<1%", 0.01, IF(AB28 = "", ""))))))) -> 0.05 | AD28: B
A29: 26 | B29: Rhododendron neoglandulosum | C29: Labrador Tea | D29: Shrub | Arbuste | E29: Yellow | F29: No | G29: Yes | H29: 4 | I29: =IF(H29 = 5, 1, IF(H29 = 4, 0.75, IF(H29 = 3, 0.5, IF(H29 = 2, 0.25, IF(H29 = 1, 0.05, IF(H29 = "<1%", 0.01, IF(H29 = "", ""))))))) -> 0.75 | J29: GE | K29: 10 to 50 | L29: Yes | M29: 3 | N29: =IF(M29 = 5, 1, IF(M29 = 4, 0.75, IF(M29 = 3, 0.5, IF(M29 = 2, 0.25, IF(M29 = 1, 0.05, IF(M29 = "<1%", 0.01, IF(M29 = "", ""))))))) -> 0.5 | Q29: Yes | R29: 4 | S29: =IF(R29 = 5, 1, IF(R29 = 4, 0.75, IF(R29 = 3, 0.5, IF(R29 = 2, 0.25, IF(R29 = 1, 0.05, IF(R29 = "<1%", 0.01, IF(R29 = "", ""))))))) -> 0.75 | V29: Yes | W29: 4 | X29: =IF(W29 = 5, 1, IF(W29 = 4, 0.75, IF(W29 = 3, 0.5, IF(W29 = 2, 0.25, IF(W29 = 1, 0.05, IF(W29 = "<1%", 0.01, IF(W29 = "", ""))))))) -> 0.75 | AA29: Yes | AB29: 3 | AC29: =IF(AB29 = 5, 1, IF(AB29 = 4, 0.75, IF(AB29 = 3, 0.5, IF(AB29 = 2, 0.25, IF(AB29 = 1, 0.05, IF(AB29 = "<1%", 0.01, IF(AB29 = "", ""))))))) -> 0.5
A30: 27 | B30: Sphagnum | C30: Common peat moss | D30: Moss | Mousse | E30: Yellow | F30: Yes | G30: Yes | H30: 5 | I30: =IF(H30 = 5, 1, IF(H30 = 4, 0.75, IF(H30 = 3, 0.5, IF(H30 = 2, 0.25, IF(H30 = 1, 0.05, IF(H30 = "<1%", 0.01, IF(H30 = "", ""))))))) -> 1 | L30: Yes | M30: 5 | N30: =IF(M30 = 5, 1, IF(M30 = 4, 0.75, IF(M30 = 3, 0.5, IF(M30 = 2, 0.25, IF(M30 = 1, 0.05, IF(M30 = "<1%", 0.01, IF(M30 = "", ""))))))) -> 1 | Q30: yes | R30: 5 | S30: =IF(R30 = 5, 1, IF(R30 = 4, 0.75, IF(R30 = 3, 0.5, IF(R30 = 2, 0.25, IF(R30 = 1, 0.05, IF(R30 = "<1%", 0.01, IF(R30 = "", ""))))))) -> 1 | V30: Yes | W30: 5 | X30: =IF(W30 = 5, 1, IF(W30 = 4, 0.75, IF(W30 = 3, 0.5, IF(W30 = 2, 0.25, IF(W30 = 1, 0.05, IF(W30 = "<1%", 0.01, IF(W30 = "", ""))))))) -> 1 | AA30: Yes | AB30: 5 | AC30: =IF(AB30 = 5, 1, IF(AB30 = 4, 0.75, IF(AB30 = 3, 0.5, IF(AB30 = 2, 0.25, IF(AB30 = 1, 0.05, IF(AB30 = "<1%", 0.01, IF(AB30 = "", ""))))))) -> 1
A31: 28 | B31: Vaccinium Cyanococcus | C31: Blueberry | D31: Shrub | Arbuste | E31: Yellow | F31: No | G31: Yes | H31: 4 | I31: =IF(H31 = 5, 1, IF(H31 = 4, 0.75, IF(H31 = 3, 0.5, IF(H31 = 2, 0.25, IF(H31 = 1, 0.05, IF(H31 = "<1%", 0.01, IF(H31 = "", ""))))))) -> 0.75 | L31: Yes | M31: 3 | N31: =IF(M31 = 5, 1, IF(M31 = 4, 0.75, IF(M31 = 3, 0.5, IF(M31 = 2, 0.25, IF(M31 = 1, 0.05, IF(M31 = "<1%", 0.01, IF(M31 = "", ""))))))) -> 0.5 | Q31: Yes | R31: 4 | S31: =IF(R31 = 5, 1, IF(R31 = 4, 0.75, IF(R31 = 3, 0.5, IF(R31 = 2, 0.25, IF(R31 = 1, 0.05, IF(R31 = "<1%", 0.01, IF(R31 = "", ""))))))) -> 0.75 | V31: No | X31: =IF(W31 = 5, 1, IF(W31 = 4, 0.75, IF(W31 = 3, 0.5, IF(W31 = 2, 0.25, IF(W31 = 1, 0.05, IF(W31 = "<1%", 0.01, IF(W31 = "", ""))))))) | AA31: No | AC31: =IF(AB31 = 5, 1, IF(AB31 = 4, 0.75, IF(AB31 = 3, 0.5, IF(AB31 = 2, 0.25, IF(AB31 = 1, 0.05, IF(AB31 = "<1%", 0.01, IF(AB31 = "", "")))))))

Sheet BioBlitz Surveys - Forest
B1: Identification Information | Informations d'identification | F1: Prevalence Across Sites | Prévalence parmi les sites | G1: Plot 1 | L1: Plot 2 | Q1: Plot 3 | V1: Plot 4 | AA1: Plot 5
A2: Obs. no. | B2: Latin name | Nom latin | C2: Common name | Nom commun | D2: Taxon type | Type de taxon [Dropdown menu] | E2: Group Colour | Couleur de groupe | F2: Do you see this organism yet on the list? | Est-ce que vous voyez déjà cet organisme sur la liste? (Yes or No) | G2: Plot 1 Presence | H2: Plot 1 Cover | I2: DO NOT CHANGE Cover proportion | J2: Other remarks | K2: Height (cm) | L2: Plot 2 Presence | M2: Plot 2 Cover | N2: DO NOT CHANGE Cover proportion | O2: Other remarks | P2: Height (cm) | Q2: Plot 3 Presence | R2: Plot 3 Cover | S2: DO NOT CHANGE Cover proportion | T2: Other remarks | U2: Height (cm) | V2: Plot 4 Presence | W2: Plot 4 Cover | X2: DO NOT CHANGE Cover proportion | Y2: Other remarks | Z2: Height (cm) | AA2: Plot 5 Presence | AB2: Plot 5 Cover | AC2: DO NOT CHANGE Cover proportion | AD2: Other remarks | AE2: Height (cm)
A3: EXAMPLE | B3: Larix laricina | C3: Tamarack | D3: Evergreen tree | Arbre sempervirent | E3: Purple | F3: Yes | G3: Yes | H3: 4 | I3: =IF(H3 = 5, 1, IF(H3 = 4, 0.75, IF(H3 = 3, 0.5, IF(H3 = 2, 0.25, IF(H3 = 1, 0.05, IF(H3 = "<1%", 0.01, IF(H3 = "", ""))))))) -> 0.75 | J3: 1 | K3: 6 | L3: Yes | M3: 3 | N3: =IF(M3 = 5, 1, IF(M3 = 4, 0.75, IF(M3 = 3, 0.5, IF(M3 = 2, 0.25, IF(M3 = 1, 0.05, IF(M3 = "<1%", 0.01, IF(M3 = "", ""))))))) -> 0.5 | O3: 1 | P3: 6 | Q3: No | S3: =IF(R3 = 5, 1, IF(R3 = 4, 0.75, IF(R3 = 3, 0.5, IF(R3 = 2, 0.25, IF(R3 = 1, 0.05, IF(R3 = "<1%", 0.01, IF(R3 = "", ""))))))) | V3: No | X3: =IF(W3 = 5, 1, IF(W3 = 4, 0.75, IF(W3 = 3, 0.5, IF(W3 = 2, 0.25, IF(W3 = 1, 0.05, IF(W3 = "<1%", 0.01, IF(W3 = "", ""))))))) | AA3: Yes | AB3: 5 | AC3: =IF(AB3 = 5, 1, IF(AB3 = 4, 0.75, IF(AB3 = 3, 0.5, IF(AB3 = 2, 0.25, IF(AB3 = 1, 0.05, IF(AB3 = "<1%", 0.01, IF(AB3 = "", ""))))))) -> 1 | AD3: 1 | AE3: 6
A4: 1 | B4: Acer | C4: Maple | D4: Deciduous tree | Arbre décidu | E4: Pink | F4: Yes | G4: no | I4: =IF(H4 = 5, 1, IF(H4 = 4, 0.75, IF(H4 = 3, 0.5, IF(H4 = 2, 0.25, IF(H4 = 1, 0.05, IF(H4 = "<1%", 0.01, IF(H4 = "", ""))))))) | L4: no | N4: =IF(M4 = 5, 1, IF(M4 = 4, 0.75, IF(M4 = 3, 0.5, IF(M4 = 2, 0.25, IF(M4 = 1, 0.05, IF(M4 = "<1%", 0.01, IF(M4 = "", ""))))))) | Q4: no | S4: =IF(R4 = 5, 1, IF(R4 = 4, 0.75, IF(R4 = 3, 0.5, IF(R4 = 2, 0.25, IF(R4 = 1, 0.05, IF(R4 = "<1%", 0.01, IF(R4 = "", ""))))))) | X4: =IF(W4 = 5, 1, IF(W4 = 4, 0.75, IF(W4 = 3, 0.5, IF(W4 = 2, 0.25, IF(W4 = 1, 0.05, IF(W4 = "<1%", 0.01, IF(W4 = "", ""))))))) | AA4: yes | AB4: 1 | AC4: =IF(AB4 = 5, 1, IF(AB4 = 4, 0.75, IF(AB4 = 3, 0.5, IF(AB4 = 2, 0.25, IF(AB4 = 1, 0.05, IF(AB4 = "<1%", 0.01, IF(AB4 = "", ""))))))) -> 0.05 | AD4: BHD 5.5cm | AE4: 400
A5: 2 | B5: Anthyrium angustum | C5: Northern Lady fern | D5: Fern | Fougère | E5: Pink | F5: No | G5: no | I5: =IF(H5 = 5, 1, IF(H5 = 4, 0.75, IF(H5 = 3, 0.5, IF(H5 = 2, 0.25, IF(H5 = 1, 0.05, IF(H5 = "<1%", 0.01, IF(H5 = "", ""))))))) | L5: no | N5: =IF(M5 = 5, 1, IF(M5 = 4, 0.75, IF(M5 = 3, 0.5, IF(M5 = 2, 0.25, IF(M5 = 1, 0.05, IF(M5 = "<1%", 0.01, IF(M5 = "", ""))))))) | Q5: yes | R5: 2 | S5: =IF(R5 = 5, 1, IF(R5 = 4, 0.75, IF(R5 = 3, 0.5, IF(R5 = 2, 0.25, IF(R5 = 1, 0.05, IF(R5 = "<1%", 0.01, IF(R5 = "", ""))))))) -> 0.25 | U5: 2 | X5: =IF(W5 = 5, 1, IF(W5 = 4, 0.75, IF(W5 = 3, 0.5, IF(W5 = 2, 0.25, IF(W5 = 1, 0.05, IF(W5 = "<1%", 0.01, IF(W5 = "", ""))))))) | AA5: no | AC5: =IF(AB5 = 5, 1, IF(AB5 = 4, 0.75, IF(AB5 = 3, 0.5, IF(AB5 = 2, 0.25, IF(AB5 = 1, 0.05, IF(AB5 = "<1%", 0.01, IF(AB5 = "", "")))))))
A6: 3 | B6: Asclepias incarnata | C6: Swamp milkweed | D6: Grass or Sedge | Graminée | E6: Pink | F6: No | G6: no | I6: =IF(H6 = 5, 1, IF(H6 = 4, 0.75, IF(H6 = 3, 0.5, IF(H6 = 2, 0.25, IF(H6 = 1, 0.05, IF(H6 = "<1%", 0.01, IF(H6 = "", ""))))))) | L6: no | N6: =IF(M6 = 5, 1, IF(M6 = 4, 0.75, IF(M6 = 3, 0.5, IF(M6 = 2, 0.25, IF(M6 = 1, 0.05, IF(M6 = "<1%", 0.01, IF(M6 = "", ""))))))) | Q6: yes | R6: 1 | S6: =IF(R6 = 5, 1, IF(R6 = 4, 0.75, IF(R6 = 3, 0.5, IF(R6 = 2, 0.25, IF(R6 = 1, 0.05, IF(R6 = "<1%", 0.01, IF(R6 = "", ""))))))) -> 0.05 | U6: 1 | X6: =IF(W6 = 5, 1, IF(W6 = 4, 0.75, IF(W6 = 3, 0.5, IF(W6 = 2, 0.25, IF(W6 = 1, 0.05, IF(W6 = "<1%", 0.01, IF(W6 = "", ""))))))) | AA6: no | AC6: =IF(AB6 = 5, 1, IF(AB6 = 4, 0.75, IF(AB6 = 3, 0.5, IF(AB6 = 2, 0.25, IF(AB6 = 1, 0.05, IF(AB6 = "<1%", 0.01, IF(AB6 = "", "")))))))
A7: 4 | B7: Chinavia hilaris | C7: Green stink bug | D7: Insect | Insecte | E7: Pink | F7: No | G7: no | I7: =IF(H7 = 5, 1, IF(H7 = 4, 0.75, IF(H7 = 3, 0.5, IF(H7 = 2, 0.25, IF(H7 = 1, 0.05, IF(H7 = "<1%", 0.01, IF(H7 = "", ""))))))) | L7: no | N7: =IF(M7 = 5, 1, IF(M7 = 4, 0.75, IF(M7 = 3, 0.5, IF(M7 = 2, 0.25, IF(M7 = 1, 0.05, IF(M7 = "<1%", 0.01, IF(M7 = "", ""))))))) | Q7: no | S7: =IF(R7 = 5, 1, IF(R7 = 4, 0.75, IF(R7 = 3, 0.5, IF(R7 = 2, 0.25, IF(R7 = 1, 0.05, IF(R7 = "<1%", 0.01, IF(R7 = "", ""))))))) | X7: =IF(W7 = 5, 1, IF(W7 = 4, 0.75, IF(W7 = 3, 0.5, IF(W7 = 2, 0.25, IF(W7 = 1, 0.05, IF(W7 = "<1%", 0.01, IF(W7 = "", ""))))))) | AA7: yes | AC7: =IF(AB7 = 5, 1, IF(AB7 = 4, 0.75, IF(AB7 = 3, 0.5, IF(AB7 = 2, 0.25, IF(AB7 = 1, 0.05, IF(AB7 = "<1%", 0.01, IF(AB7 = "", "")))))))
A8: 5 | B8: Doellingeria umbellata | C8: Flat-top White Aster | D8: Grass or Sedge | Graminée | E8: Pink | F8: Yes | G8: no | I8: =IF(H8 = 5, 1, IF(H8 = 4, 0.75, IF(H8 = 3, 0.5, IF(H8 = 2, 0.25, IF(H8 = 1, 0.05, IF(H8 = "<1%", 0.01, IF(H8 = "", ""))))))) | L8: no | N8: =IF(M8 = 5, 1, IF(M8 = 4, 0.75, IF(M8 = 3, 0.5, IF(M8 = 2, 0.25, IF(M8 = 1, 0.05, IF(M8 = "<1%", 0.01, IF(M8 = "", ""))))))) | Q8: no | S8: =IF(R8 = 5, 1, IF(R8 = 4, 0.75, IF(R8 = 3, 0.5, IF(R8 = 2, 0.25, IF(R8 = 1, 0.05, IF(R8 = "<1%", 0.01, IF(R8 = "", ""))))))) | V8: yes | W8: 1 | X8: =IF(W8 = 5, 1, IF(W8 = 4, 0.75, IF(W8 = 3, 0.5, IF(W8 = 2, 0.25, IF(W8 = 1, 0.05, IF(W8 = "<1%", 0.01, IF(W8 = "", ""))))))) -> 0.05 | Z8: 2 | AA8: yes | AB8: 1 | AC8: =IF(AB8 = 5, 1, IF(AB8 = 4, 0.75, IF(AB8 = 3, 0.5, IF(AB8 = 2, 0.25, IF(AB8 = 1, 0.05, IF(AB8 = "<1%", 0.01, IF(AB8 = "", ""))))))) -> 0.05 | AE8: 3
A9: 6 | B9: Equisetum pratense | C9: Meadow horsetail | D9: Grass or Sedge | Graminée | E9: Pink | F9: No | G9: yes | H9: 1 | I9: =IF(H9 = 5, 1, IF(H9 = 4, 0.75, IF(H9 = 3, 0.5, IF(H9 = 2, 0.25, IF(H9 = 1, 0.05, IF(H9 = "<1%", 0.01, IF(H9 = "", ""))))))) -> 0.05 | K9: 1 | L9: yes | M9: 1 | N9: =IF(M9 = 5, 1, IF(M9 = 4, 0.75, IF(M9 = 3, 0.5, IF(M9 = 2, 0.25, IF(M9 = 1, 0.05, IF(M9 = "<1%", 0.01, IF(M9 = "", ""))))))) -> 0.05 | P9: 1 | Q9: no | S9: =IF(R9 = 5, 1, IF(R9 = 4, 0.75, IF(R9 = 3, 0.5, IF(R9 = 2, 0.25, IF(R9 = 1, 0.05, IF(R9 = "<1%", 0.01, IF(R9 = "", ""))))))) | X9: =IF(W9 = 5, 1, IF(W9 = 4, 0.75, IF(W9 = 3, 0.5, IF(W9 = 2, 0.25, IF(W9 = 1, 0.05, IF(W9 = "<1%", 0.01, IF(W9 = "", ""))))))) | AA9: no | AC9: =IF(AB9 = 5, 1, IF(AB9 = 4, 0.75, IF(AB9 = 3, 0.5, IF(AB9 = 2, 0.25, IF(AB9 = 1, 0.05, IF(AB9 = "<1%", 0.01, IF(AB9 = "", "")))))))
A10: 7 | B10: Frangula alnus | C10: glossy buckthorn | D10: Deciduous tree | Arbre décidu | E10: Pink | F10: Yes | G10: no | I10: =IF(H10 = 5, 1, IF(H10 = 4, 0.75, IF(H10 = 3, 0.5, IF(H10 = 2, 0.25, IF(H10 = 1, 0.05, IF(H10 = "<1%", 0.01, IF(H10 = "", ""))))))) | L10: yes | M10: 2 | N10: =IF(M10 = 5, 1, IF(M10 = 4, 0.75, IF(M10 = 3, 0.5, IF(M10 = 2, 0.25, IF(M10 = 1, 0.05, IF(M10 = "<1%", 0.01, IF(M10 = "", ""))))))) -> 0.25 | P10: 500 | Q10: no | S10: =IF(R10 = 5, 1, IF(R10 = 4, 0.75, IF(R10 = 3, 0.5, IF(R10 = 2, 0.25, IF(R10 = 1, 0.05, IF(R10 = "<1%", 0.01, IF(R10 = "", ""))))))) | X10: =IF(W10 = 5, 1, IF(W10 = 4, 0.75, IF(W10 = 3, 0.5, IF(W10 = 2, 0.25, IF(W10 = 1, 0.05, IF(W10 = "<1%", 0.01, IF(W10 = "", ""))))))) | AA10: no | AC10: =IF(AB10 = 5, 1, IF(AB10 = 4, 0.75, IF(AB10 = 3, 0.5, IF(AB10 = 2, 0.25, IF(AB10 = 1, 0.05, IF(AB10 = "<1%", 0.01, IF(AB10 = "", "")))))))
A11: 8 | B11: Galium palustre | C11: Common marsh bed straw | D11: Grass or Sedge | Graminée | E11: Pink | F11: No | G11: yes | H11: 1 | I11: =IF(H11 = 5, 1, IF(H11 = 4, 0.75, IF(H11 = 3, 0.5, IF(H11 = 2, 0.25, IF(H11 = 1, 0.05, IF(H11 = "<1%", 0.01, IF(H11 = "", ""))))))) -> 0.05 | K11: 1 | L11: no | N11: =IF(M11 = 5, 1, IF(M11 = 4, 0.75, IF(M11 = 3, 0.5, IF(M11 = 2, 0.25, IF(M11 = 1, 0.05, IF(M11 = "<1%", 0.01, IF(M11 = "", ""))))))) | Q11: no | S11: =IF(R11 = 5, 1, IF(R11 = 4, 0.75, IF(R11 = 3, 0.5, IF(R11 = 2, 0.25, IF(R11 = 1, 0.05, IF(R11 = "<1%", 0.01, IF(R11 = "", ""))))))) | X11: =IF(W11 = 5, 1, IF(W11 = 4, 0.75, IF(W11 = 3, 0.5, IF(W11 = 2, 0.25, IF(W11 = 1, 0.05, IF(W11 = "<1%", 0.01, IF(W11 = "", ""))))))) | AA11: no | AC11: =IF(AB11 = 5, 1, IF(AB11 = 4, 0.75, IF(AB11 = 3, 0.5, IF(AB11 = 2, 0.25, IF(AB11 = 1, 0.05, IF(AB11 = "<1%", 0.01, IF(AB11 = "", "")))))))
A12: 9 | B12: gastropoda | C12: snails | D12: Insect | Insecte | E12: pink | F12: No | G12: no | I12: =IF(H12 = 5, 1, IF(H12 = 4, 0.75, IF(H12 = 3, 0.5, IF(H12 = 2, 0.25, IF(H12 = 1, 0.05, IF(H12 = "<1%", 0.01, IF(H12 = "", ""))))))) | N12: =IF(M12 = 5, 1, IF(M12 = 4, 0.75, IF(M12 = 3, 0.5, IF(M12 = 2, 0.25, IF(M12 = 1, 0.05, IF(M12 = "<1%", 0.01, IF(M12 = "", ""))))))) | S12: =IF(R12 = 5, 1, IF(R12 = 4, 0.75, IF(R12 = 3, 0.5, IF(R12 = 2, 0.25, IF(R12 = 1, 0.05, IF(R12 = "<1%", 0.01, IF(R12 = "", ""))))))) | X12: =IF(W12 = 5, 1, IF(W12 = 4, 0.75, IF(W12 = 3, 0.5, IF(W12 = 2, 0.25, IF(W12 = 1, 0.05, IF(W12 = "<1%", 0.01, IF(W12 = "", ""))))))) | AA12: yes | AB12: 2 | AC12: =IF(AB12 = 5, 1, IF(AB12 = 4, 0.75, IF(AB12 = 3, 0.5, IF(AB12 = 2, 0.25, IF(AB12 = 1, 0.05, IF(AB12 = "<1%", 0.01, IF(AB12 = "", ""))))))) -> 0.25 | AE12: 1
A13: 10 | B13: Geum macrophyllum | C13: Large leafed Avens | D13: Grass or Sedge | Graminée | E13: Pink | F13: No | G13: yes | H13: 1 | I13: =IF(H13 = 5, 1, IF(H13 = 4, 0.75, IF(H13 = 3, 0.5, IF(H13 = 2, 0.25, IF(H13 = 1, 0.05, IF(H13 = "<1%", 0.01, IF(H13 = "", ""))))))) -> 0.05 | K13: 1 | L13: no | N13: =IF(M13 = 5, 1, IF(M13 = 4, 0.75, IF(M13 = 3, 0.5, IF(M13 = 2, 0.25, IF(M13 = 1, 0.05, IF(M13 = "<1%", 0.01, IF(M13 = "", ""))))))) | Q13: no | S13: =IF(R13 = 5, 1, IF(R13 = 4, 0.75, IF(R13 = 3, 0.5, IF(R13 = 2, 0.25, IF(R13 = 1, 0.05, IF(R13 = "<1%", 0.01, IF(R13 = "", ""))))))) | X13: =IF(W13 = 5, 1, IF(W13 = 4, 0.75, IF(W13 = 3, 0.5, IF(W13 = 2, 0.25, IF(W13 = 1, 0.05, IF(W13 = "<1%", 0.01, IF(W13 = "", ""))))))) | AA13: no | AC13: =IF(AB13 = 5, 1, IF(AB13 = 4, 0.75, IF(AB13 = 3, 0.5, IF(AB13 = 2, 0.25, IF(AB13 = 1, 0.05, IF(AB13 = "<1%", 0.01, IF(AB13 = "", "")))))))
A14: 11 | B14: Halyomorpha halys | C14: brown stink bug | D14: Insect | Insecte | E14: Pink | F14: No | G14: no | I14: =IF(H14 = 5, 1, IF(H14 = 4, 0.75, IF(H14 = 3, 0.5, IF(H14 = 2, 0.25, IF(H14 = 1, 0.05, IF(H14 = "<1%", 0.01, IF(H14 = "", ""))))))) | L14: no | N14: =IF(M14 = 5, 1, IF(M14 = 4, 0.75, IF(M14 = 3, 0.5, IF(M14 = 2, 0.25, IF(M14 = 1, 0.05, IF(M14 = "<1%", 0.01, IF(M14 = "", ""))))))) | Q14: no | S14: =IF(R14 = 5, 1, IF(R14 = 4, 0.75, IF(R14 = 3, 0.5, IF(R14 = 2, 0.25, IF(R14 = 1, 0.05, IF(R14 = "<1%", 0.01, IF(R14 = "", ""))))))) | X14: =IF(W14 = 5, 1, IF(W14 = 4, 0.75, IF(W14 = 3, 0.5, IF(W14 = 2, 0.25, IF(W14 = 1, 0.05, IF(W14 = "<1%", 0.01, IF(W14 = "", ""))))))) | AA14: yes | AC14: =IF(AB14 = 5, 1, IF(AB14 = 4, 0.75, IF(AB14 = 3, 0.5, IF(AB14 = 2, 0.25, IF(AB14 = 1, 0.05, IF(AB14 = "<1%", 0.01, IF(AB14 = "", "")))))))
A15: 12 | B15: Hypnales | C15: Feather Moss | D15: Moss | Mousse | E15: Pink | F15: No | G15: yes | H15: 2 | I15: =IF(H15 = 5, 1, IF(H15 = 4, 0.75, IF(H15 = 3, 0.5, IF(H15 = 2, 0.25, IF(H15 = 1, 0.05, IF(H15 = "<1%", 0.01, IF(H15 = "", ""))))))) -> 0.25 | K15: 1 | L15: no | N15: =IF(M15 = 5, 1, IF(M15 = 4, 0.75, IF(M15 = 3, 0.5, IF(M15 = 2, 0.25, IF(M15 = 1, 0.05, IF(M15 = "<1%", 0.01, IF(M15 = "", ""))))))) | Q15: no | S15: =IF(R15 = 5, 1, IF(R15 = 4, 0.75, IF(R15 = 3, 0.5, IF(R15 = 2, 0.25, IF(R15 = 1, 0.05, IF(R15 = "<1%", 0.01, IF(R15 = "", ""))))))) | X15: =IF(W15 = 5, 1, IF(W15 = 4, 0.75, IF(W15 = 3, 0.5, IF(W15 = 2, 0.25, IF(W15 = 1, 0.05, IF(W15 = "<1%", 0.01, IF(W15 = "", ""))))))) | AA15: no | AC15: =IF(AB15 = 5, 1, IF(AB15 = 4, 0.75, IF(AB15 = 3, 0.5, IF(AB15 = 2, 0.25, IF(AB15 = 1, 0.05, IF(AB15 = "<1%", 0.01, IF(AB15 = "", "")))))))
A16: 13 | B16: Impatiens capensis | C16: Jewel weed | D16: Grass or Sedge | Graminée | E16: Pink | F16: No | G16: no | I16: =IF(H16 = 5, 1, IF(H16 = 4, 0.75, IF(H16 = 3, 0.5, IF(H16 = 2, 0.25, IF(H16 = 1, 0.05, IF(H16 = "<1%", 0.01, IF(H16 = "", ""))))))) | L16: yes | M16: 2 | N16: =IF(M16 = 5, 1, IF(M16 = 4, 0.75, IF(M16 = 3, 0.5, IF(M16 = 2, 0.25, IF(M16 = 1, 0.05, IF(M16 = "<1%", 0.01, IF(M16 = "", ""))))))) -> 0.25 | P16: 1 | Q16: no | S16: =IF(R16 = 5, 1, IF(R16 = 4, 0.75, IF(R16 = 3, 0.5, IF(R16 = 2, 0.25, IF(R16 = 1, 0.05, IF(R16 = "<1%", 0.01, IF(R16 = "", ""))))))) | X16: =IF(W16 = 5, 1, IF(W16 = 4, 0.75, IF(W16 = 3, 0.5, IF(W16 = 2, 0.25, IF(W16 = 1, 0.05, IF(W16 = "<1%", 0.01, IF(W16 = "", ""))))))) | AA16: no | AC16: =IF(AB16 = 5, 1, IF(AB16 = 4, 0.75, IF(AB16 = 3, 0.5, IF(AB16 = 2, 0.25, IF(AB16 = 1, 0.05, IF(AB16 = "<1%", 0.01, IF(AB16 = "", "")))))))
A17: 14 | B17: Lythrum Salicaria | C17: Purple Loosestrife | D17: Grass or Sedge | Graminée | E17: Pink | F17: No | G17: yes | H17: 1 | I17: =IF(H17 = 5, 1, IF(H17 = 4, 0.75, IF(H17 = 3, 0.5, IF(H17 = 2, 0.25, IF(H17 = 1, 0.05, IF(H17 = "<1%", 0.01, IF(H17 = "", ""))))))) -> 0.05 | K17: 2 | L17: no | N17: =IF(M17 = 5, 1, IF(M17 = 4, 0.75, IF(M17 = 3, 0.5, IF(M17 = 2, 0.25, IF(M17 = 1, 0.05, IF(M17 = "<1%", 0.01, IF(M17 = "", ""))))))) | Q17: no | S17: =IF(R17 = 5, 1, IF(R17 = 4, 0.75, IF(R17 = 3, 0.5, IF(R17 = 2, 0.25, IF(R17 = 1, 0.05, IF(R17 = "<1%", 0.01, IF(R17 = "", ""))))))) | V17: yes | W17: 2 | X17: =IF(W17 = 5, 1, IF(W17 = 4, 0.75, IF(W17 = 3, 0.5, IF(W17 = 2, 0.25, IF(W17 = 1, 0.05, IF(W17 = "<1%", 0.01, IF(W17 = "", ""))))))) -> 0.25 | Z17: 2 | AA17: yes | AB17: 1 | AC17: =IF(AB17 = 5, 1, IF(AB17 = 4, 0.75, IF(AB17 = 3, 0.5, IF(AB17 = 2, 0.25, IF(AB17 = 1, 0.05, IF(AB17 = "<1%", 0.01, IF(AB17 = "", ""))))))) -> 0.05 | AE17: 1
A18: 15 | B18: mecaphesa asperata | C18: Northern Crab Spider | D18: Insect | Insecte | E18: Pink | F18: No | G18: no | I18: =IF(H18 = 5, 1, IF(H18 = 4, 0.75, IF(H18 = 3, 0.5, IF(H18 = 2, 0.25, IF(H18 = 1, 0.05, IF(H18 = "<1%", 0.01, IF(H18 = "", ""))))))) | L18: no | N18: =IF(M18 = 5, 1, IF(M18 = 4, 0.75, IF(M18 = 3, 0.5, IF(M18 = 2, 0.25, IF(M18 = 1, 0.05, IF(M18 = "<1%", 0.01, IF(M18 = "", ""))))))) | Q18: no | S18: =IF(R18 = 5, 1, IF(R18 = 4, 0.75, IF(R18 = 3, 0.5, IF(R18 = 2, 0.25, IF(R18 = 1, 0.05, IF(R18 = "<1%", 0.01, IF(R18 = "", ""))))))) | V18: yes | W18: 1 | X18: =IF(W18 = 5, 1, IF(W18 = 4, 0.75, IF(W18 = 3, 0.5, IF(W18 = 2, 0.25, IF(W18 = 1, 0.05, IF(W18 = "<1%", 0.01, IF(W18 = "", ""))))))) -> 0.05 | Z18: 1 | AA18: no | AC18: =IF(AB18 = 5, 1, IF(AB18 = 4, 0.75, IF(AB18 = 3, 0.5, IF(AB18 = 2, 0.25, IF(AB18 = 1, 0.05, IF(AB18 = "<1%", 0.01, IF(AB18 = "", "")))))))
A19: 16 | B19: Onoclea sensibilis | C19: Sensitive Fern | D19: Fern | Fougère | E19: Pink | F19: Yes | G19: yes | H19: 2 | I19: =IF(H19 = 5, 1, IF(H19 = 4, 0.75, IF(H19 = 3, 0.5, IF(H19 = 2, 0.25, IF(H19 = 1, 0.05, IF(H19 = "<1%", 0.01, IF(H19 = "", ""))))))) -> 0.25 | K19: 2 | L19: yes | M19: 4 | N19: =IF(M19 = 5, 1, IF(M19 = 4, 0.75, IF(M19 = 3, 0.5, IF(M19 = 2, 0.25, IF(M19 = 1, 0.05, IF(M19 = "<1%", 0.01, IF(M19 = "", ""))))))) -> 0.75 | P19: 2 | Q19: no | S19: =IF(R19 = 5, 1, IF(R19 = 4, 0.75, IF(R19 = 3, 0.5, IF(R19 = 2, 0.25, IF(R19 = 1, 0.05, IF(R19 = "<1%", 0.01, IF(R19 = "", ""))))))) | V19: yes | W19: 2 | X19: =IF(W19 = 5, 1, IF(W19 = 4, 0.75, IF(W19 = 3, 0.5, IF(W19 = 2, 0.25, IF(W19 = 1, 0.05, IF(W19 = "<1%", 0.01, IF(W19 = "", ""))))))) -> 0.25 | Z19: 1 | AA19: no | AC19: =IF(AB19 = 5, 1, IF(AB19 = 4, 0.75, IF(AB19 = 3, 0.5, IF(AB19 = 2, 0.25, IF(AB19 = 1, 0.05, IF(AB19 = "<1%", 0.01, IF(AB19 = "", "")))))))
A20: 17 | B20: Phalaris canariensis | C20: seed canary grass | D20: Grass or Sedge | Graminée | E20: Pink | F20: No | G20: no | I20: =IF(H20 = 5, 1, IF(H20 = 4, 0.75, IF(H20 = 3, 0.5, IF(H20 = 2, 0.25, IF(H20 = 1, 0.05, IF(H20 = "<1%", 0.01, IF(H20 = "", ""))))))) | L20: no | N20: =IF(M20 = 5, 1, IF(M20 = 4, 0.75, IF(M20 = 3, 0.5, IF(M20 = 2, 0.25, IF(M20 = 1, 0.05, IF(M20 = "<1%", 0.01, IF(M20 = "", ""))))))) | Q20: yes | R20: 4 | S20: =IF(R20 = 5, 1, IF(R20 = 4, 0.75, IF(R20 = 3, 0.5, IF(R20 = 2, 0.25, IF(R20 = 1, 0.05, IF(R20 = "<1%", 0.01, IF(R20 = "", ""))))))) -> 0.75 | U20: 2 | V20: yes | W20: 3 | X20: =IF(W20 = 5, 1, IF(W20 = 4, 0.75, IF(W20 = 3, 0.5, IF(W20 = 2, 0.25, IF(W20 = 1, 0.05, IF(W20 = "<1%", 0.01, IF(W20 = "", ""))))))) -> 0.5 | Z20: 2 | AA20: no | AC20: =IF(AB20 = 5, 1, IF(AB20 = 4, 0.75, IF(AB20 = 3, 0.5, IF(AB20 = 2, 0.25, IF(AB20 = 1, 0.05, IF(AB20 = "<1%", 0.01, IF(AB20 = "", "")))))))
A21: 18 | B21: poales | C21: Grass 1 | D21: Grass or Sedge | Graminée | E21: Pink | F21: No | G21: yes | H21: 3 | I21: =IF(H21 = 5, 1, IF(H21 = 4, 0.75, IF(H21 = 3, 0.5, IF(H21 = 2, 0.25, IF(H21 = 1, 0.05, IF(H21 = "<1%", 0.01, IF(H21 = "", ""))))))) -> 0.5 | K21: 1 | L21: no | N21: =IF(M21 = 5, 1, IF(M21 = 4, 0.75, IF(M21 = 3, 0.5, IF(M21 = 2, 0.25, IF(M21 = 1, 0.05, IF(M21 = "<1%", 0.01, IF(M21 = "", ""))))))) | Q21: no | S21: =IF(R21 = 5, 1, IF(R21 = 4, 0.75, IF(R21 = 3, 0.5, IF(R21 = 2, 0.25, IF(R21 = 1, 0.05, IF(R21 = "<1%", 0.01, IF(R21 = "", ""))))))) | X21: =IF(W21 = 5, 1, IF(W21 = 4, 0.75, IF(W21 = 3, 0.5, IF(W21 = 2, 0.25, IF(W21 = 1, 0.05, IF(W21 = "<1%", 0.01, IF(W21 = "", ""))))))) | AA21: yes | AB21: 3 | AC21: =IF(AB21 = 5, 1, IF(AB21 = 4, 0.75, IF(AB21 = 3, 0.5, IF(AB21 = 2, 0.25, IF(AB21 = 1, 0.05, IF(AB21 = "<1%", 0.01, IF(AB21 = "", ""))))))) -> 0.5 | AE21: 1
A22: 19 | B22: Prunus serotina | C22: black cherry | D22: Deciduous tree | Arbre décidu | E22: Pink | F22: Yes | G22: no | I22: =IF(H22 = 5, 1, IF(H22 = 4, 0.75, IF(H22 = 3, 0.5, IF(H22 = 2, 0.25, IF(H22 = 1, 0.05, IF(H22 = "<1%", 0.01, IF(H22 = "", ""))))))) | L22: no | N22: =IF(M22 = 5, 1, IF(M22 = 4, 0.75, IF(M22 = 3, 0.5, IF(M22 = 2, 0.25, IF(M22 = 1, 0.05, IF(M22 = "<1%", 0.01, IF(M22 = "", ""))))))) | Q22: yes | R22: 4 | S22: =IF(R22 = 5, 1, IF(R22 = 4, 0.75, IF(R22 = 3, 0.5, IF(R22 = 2, 0.25, IF(R22 = 1, 0.05, IF(R22 = "<1%", 0.01, IF(R22 = "", ""))))))) -> 0.75 | T22: BHD 40cm | U22: 1270 | X22: =IF(W22 = 5, 1, IF(W22 = 4, 0.75, IF(W22 = 3, 0.5, IF(W22 = 2, 0.25, IF(W22 = 1, 0.05, IF(W22 = "<1%", 0.01, IF(W22 = "", ""))))))) | AA22: no | AC22: =IF(AB22 = 5, 1, IF(AB22 = 4, 0.75, IF(AB22 = 3, 0.5, IF(AB22 = 2, 0.25, IF(AB22 = 1, 0.05, IF(AB22 = "<1%", 0.01, IF(AB22 = "", "")))))))
A23: 20 | B23: Prunus virginiana | C23: choke cherry | D23: Deciduous tree | Arbre décidu | E23: Pink | F23: Yes | G23: yes | H23: 1 | I23: =IF(H23 = 5, 1, IF(H23 = 4, 0.75, IF(H23 = 3, 0.5, IF(H23 = 2, 0.25, IF(H23 = 1, 0.05, IF(H23 = "<1%", 0.01, IF(H23 = "", ""))))))) -> 0.05 | J23: BHD 7cm | K23: 340 | L23: no | N23: =IF(M23 = 5, 1, IF(M23 = 4, 0.75, IF(M23 = 3, 0.5, IF(M23 = 2, 0.25, IF(M23 = 1, 0.05, IF(M23 = "<1%", 0.01, IF(M23 = "", ""))))))) | O23: BHD 22cm | Q23: no | S23: =IF(R23 = 5, 1, IF(R23 = 4, 0.75, IF(R23 = 3, 0.5, IF(R23 = 2, 0.25, IF(R23 = 1, 0.05, IF(R23 = "<1%", 0.01, IF(R23 = "", ""))))))) | X23: =IF(W23 = 5, 1, IF(W23 = 4, 0.75, IF(W23 = 3, 0.5, IF(W23 = 2, 0.25, IF(W23 = 1, 0.05, IF(W23 = "<1%", 0.01, IF(W23 = "", ""))))))) | AA23: no | AC23: =IF(AB23 = 5, 1, IF(AB23 = 4, 0.75, IF(AB23 = 3, 0.5, IF(AB23 = 2, 0.25, IF(AB23 = 1, 0.05, IF(AB23 = "<1%", 0.01, IF(AB23 = "", "")))))))
A24: 21 | B24: Solidago | C24: Golden Rod | D24: Grass or Sedge | Graminée | E24: Pink | F24: Yes | G24: no | I24: =IF(H24 = 5, 1, IF(H24 = 4, 0.75, IF(H24 = 3, 0.5, IF(H24 = 2, 0.25, IF(H24 = 1, 0.05, IF(H24 = "<1%", 0.01, IF(H24 = "", ""))))))) | L24: no | N24: =IF(M24 = 5, 1, IF(M24 = 4, 0.75, IF(M24 = 3, 0.5, IF(M24 = 2, 0.25, IF(M24 = 1, 0.05, IF(M24 = "<1%", 0.01, IF(M24 = "", ""))))))) | Q24: no | S24: =IF(R24 = 5, 1, IF(R24 = 4, 0.75, IF(R24 = 3, 0.5, IF(R24 = 2, 0.25, IF(R24 = 1, 0.05, IF(R24 = "<1%", 0.01, IF(R24 = "", ""))))))) | X24: =IF(W24 = 5, 1, IF(W24 = 4, 0.75, IF(W24 = 3, 0.5, IF(W24 = 2, 0.25, IF(W24 = 1, 0.05, IF(W24 = "<1%", 0.01, IF(W24 = "", ""))))))) | AA24: yes | AB24: 2 | AC24: =IF(AB24 = 5, 1, IF(AB24 = 4, 0.75, IF(AB24 = 3, 0.5, IF(AB24 = 2, 0.25, IF(AB24 = 1, 0.05, IF(AB24 = "<1%", 0.01, IF(AB24 = "", ""))))))) -> 0.25 | AE24: 3
A25: 22 | B25: Tamias | C25: Chipmunks | D25: Insect | Insecte | E25: Pink | F25: No | G25: yes | I25: =IF(H25 = 5, 1, IF(H25 = 4, 0.75, IF(H25 = 3, 0.5, IF(H25 = 2, 0.25, IF(H25 = 1, 0.05, IF(H25 = "<1%", 0.01, IF(H25 = "", ""))))))) | L25: no | N25: =IF(M25 = 5, 1, IF(M25 = 4, 0.75, IF(M25 = 3, 0.5, IF(M25 = 2, 0.25, IF(M25 = 1, 0.05, IF(M25 = "<1%", 0.01, IF(M25 = "", ""))))))) | Q25: no | S25: =IF(R25 = 5, 1, IF(R25 = 4, 0.75, IF(R25 = 3, 0.5, IF(R25 = 2, 0.25, IF(R25 = 1, 0.05, IF(R25 = "<1%", 0.01, IF(R25 = "", ""))))))) | X25: =IF(W25 = 5, 1, IF(W25 = 4, 0.75, IF(W25 = 3, 0.5, IF(W25 = 2, 0.25, IF(W25 = 1, 0.05, IF(W25 = "<1%", 0.01, IF(W25 = "", ""))))))) | AA25: no | AC25: =IF(AB25 = 5, 1, IF(AB25 = 4, 0.75, IF(AB25 = 3, 0.5, IF(AB25 = 2, 0.25, IF(AB25 = 1, 0.05, IF(AB25 = "<1%", 0.01, IF(AB25 = "", "")))))))
A26: 23 | B26: Acer rubrum | C26: Red Maple | D26: Deciduous tree | Arbre décidu | E26: Purple | F26: Yes | G26: Yes | H26: 5 | I26: =IF(H26 = 5, 1, IF(H26 = 4, 0.75, IF(H26 = 3, 0.5, IF(H26 = 2, 0.25, IF(H26 = 1, 0.05, IF(H26 = "<1%", 0.01, IF(H26 = "", ""))))))) -> 1 | J26: 1, 3, Ca | K26: 1000 to 2000 | L26: Yes | M26: 1 | N26: =IF(M26 = 5, 1, IF(M26 = 4, 0.75, IF(M26 = 3, 0.5, IF(M26 = 2, 0.25, IF(M26 = 1, 0.05, IF(M26 = "<1%", 0.01, IF(M26 = "", ""))))))) -> 0.05 | O26: 1, 5, SD | P26: 0 to 10 | Q26: Yes | R26: 4 | S26: =IF(R26 = 5, 1, IF(R26 = 4, 0.75, IF(R26 = 3, 0.5, IF(R26 = 2, 0.25, IF(R26 = 1, 0.05, IF(R26 = "<1%", 0.01, IF(R26 = "", ""))))))) -> 0.75 | T26: 1, 5, SD + Ca | U26: 10 to 2000 | V26: Yes | W26: 5 | X26: =IF(W26 = 5, 1, IF(W26 = 4, 0.75, IF(W26 = 3, 0.5, IF(W26 = 2, 0.25, IF(W26 = 1, 0.05, IF(W26 = "<1%", 0.01, IF(W26 = "", ""))))))) -> 1 | Y26: 1, 5, Ca | Z26: 1000 to 2000 | AA26: Yes | AB26: 5 | AC26: =IF(AB26 = 5, 1, IF(AB26 = 4, 0.75, IF(AB26 = 3, 0.5, IF(AB26 = 2, 0.25, IF(AB26 = 1, 0.05, IF(AB26 = "<1%", 0.01, IF(AB26 = "", ""))))))) -> 1 | AD26: 1, 5, SD + Ca | AE26: 10 to 2000
A27: 24 | B27: Acer sp. | C27: Maple | D27: Deciduous tree | Arbre décidu | E27: Purple | F27: Yes | G27: No | I27: =IF(H27 = 5, 1, IF(H27 = 4, 0.75, IF(H27 = 3, 0.5, IF(H27 = 2, 0.25, IF(H27 = 1, 0.05, IF(H27 = "<1%", 0.01, IF(H27 = "", ""))))))) | L27: Yes | M27: 1 | N27: =IF(M27 = 5, 1, IF(M27 = 4, 0.75, IF(M27 = 3, 0.5, IF(M27 = 2, 0.25, IF(M27 = 1, 0.05, IF(M27 = "<1%", 0.01, IF(M27 = "", ""))))))) -> 0.05 | O27: 1, 5, SD | P27: 0 to 10 | Q27: Yes | R27: 1 | S27: =IF(R27 = 5, 1, IF(R27 = 4, 0.75, IF(R27 = 3, 0.5, IF(R27 = 2, 0.25, IF(R27 = 1, 0.05, IF(R27 = "<1%", 0.01, IF(R27 = "", ""))))))) -> 0.05 | T27: 1, 5, SD | U27: 0 to 10 | V27: No | X27: =IF(W27 = 5, 1, IF(W27 = 4, 0.75, IF(W27 = 3, 0.5, IF(W27 = 2, 0.25, IF(W27 = 1, 0.05, IF(W27 = "<1%", 0.01, IF(W27 = "", ""))))))) | AA27: No | AC27: =IF(AB27 = 5, 1, IF(AB27 = 4, 0.75, IF(AB27 = 3, 0.5, IF(AB27 = 2, 0.25, IF(AB27 = 1, 0.05, IF(AB27 = "<1%", 0.01, IF(AB27 = "", "")))))))
A28: 25 | B28: Cornus alternifolia | C28: Alternate-leaved Dogwood | D28: Shrub | Arbuste | E28: Purple | F28: No | G28: No | I28: =IF(H28 = 5, 1, IF(H28 = 4, 0.75, IF(H28 = 3, 0.5, IF(H28 = 2, 0.25, IF(H28 = 1, 0.05, IF(H28 = "<1%", 0.01, IF(H28 = "", ""))))))) | L28: No | N28: =IF(M28 = 5, 1, IF(M28 = 4, 0.75, IF(M28 = 3, 0.5, IF(M28 = 2, 0.25, IF(M28 = 1, 0.05, IF(M28 = "<1%", 0.01, IF(M28 = "", ""))))))) | Q28: Yes | R28: 1 | S28: =IF(R28 = 5, 1, IF(R28 = 4, 0.75, IF(R28 = 3, 0.5, IF(R28 = 2, 0.25, IF(R28 = 1, 0.05, IF(R28 = "<1%", 0.01, IF(R28 = "", ""))))))) -> 0.05 | T28: 1,7, SD | U28: 10 to 50 | V28: No | X28: =IF(W28 = 5, 1, IF(W28 = 4, 0.75, IF(W28 = 3, 0.5, IF(W28 = 2, 0.25, IF(W28 = 1, 0.05, IF(W28 = "<1%", 0.01, IF(W28 = "", ""))))))) | AA28: No | AC28: =IF(AB28 = 5, 1, IF(AB28 = 4, 0.75, IF(AB28 = 3, 0.5, IF(AB28 = 2, 0.25, IF(AB28 = 1, 0.05, IF(AB28 = "<1%", 0.01, IF(AB28 = "", "")))))))
A29: 26 | B29: Doellingeria umbellata | C29: Flat-top White Aster | D29: Grass or Sedge | Graminée | E29: Purple | F29: Yes | G29: No | I29: =IF(H29 = 5, 1, IF(H29 = 4, 0.75, IF(H29 = 3, 0.5, IF(H29 = 2, 0.25, IF(H29 = 1, 0.05, IF(H29 = "<1%", 0.01, IF(H29 = "", ""))))))) | L29: No | N29: =IF(M29 = 5, 1, IF(M29 = 4, 0.75, IF(M29 = 3, 0.5, IF(M29 = 2, 0.25, IF(M29 = 1, 0.05, IF(M29 = "<1%", 0.01, IF(M29 = "", ""))))))) | Q29: No | S29: =IF(R29 = 5, 1, IF(R29 = 4, 0.75, IF(R29 = 3, 0.5, IF(R29 = 2, 0.25, IF(R29 = 1, 0.05, IF(R29 = "<1%", 0.01, IF(R29 = "", ""))))))) | V29: Yes | W29: 1 | X29: =IF(W29 = 5, 1, IF(W29 = 4, 0.75, IF(W29 = 3, 0.5, IF(W29 = 2, 0.25, IF(W29 = 1, 0.05, IF(W29 = "<1%", 0.01, IF(W29 = "", ""))))))) -> 0.05 | Y29: 1,7, SD | Z29: 50 to 200 | AA29: No | AC29: =IF(AB29 = 5, 1, IF(AB29 = 4, 0.75, IF(AB29 = 3, 0.5, IF(AB29 = 2, 0.25, IF(AB29 = 1, 0.05, IF(AB29 = "<1%", 0.01, IF(AB29 = "", "")))))))
A30: 27 | B30: Frangula sp. | C30: False-Buckthorns | D30: Deciduous tree | Arbre décidu | E30: Purple | F30: No | G30: Yes | H30: 2 | I30: =IF(H30 = 5, 1, IF(H30 = 4, 0.75, IF(H30 = 3, 0.5, IF(H30 = 2, 0.25, IF(H30 = 1, 0.05, IF(H30 = "<1%", 0.01, IF(H30 = "", ""))))))) -> 0.25 | J30: 1, 5, SD | K30: 10 to 50 | L30: Yes | M30: 2 | N30: =IF(M30 = 5, 1, IF(M30 = 4, 0.75, IF(M30 = 3, 0.5, IF(M30 = 2, 0.25, IF(M30 = 1, 0.05, IF(M30 = "<1%", 0.01, IF(M30 = "", ""))))))) -> 0.25 | O30: 1, 5, SD, FR | P30: 10 to 500 | Q30: No | S30: =IF(R30 = 5, 1, IF(R30 = 4, 0.75, IF(R30 = 3, 0.5, IF(R30 = 2, 0.25, IF(R30 = 1, 0.05, IF(R30 = "<1%", 0.01, IF(R30 = "", ""))))))) | V30: Yes | W30: 4 | X30: =IF(W30 = 5, 1, IF(W30 = 4, 0.75, IF(W30 = 3, 0.5, IF(W30 = 2, 0.25, IF(W30 = 1, 0.05, IF(W30 = "<1%", 0.01, IF(W30 = "", ""))))))) -> 0.75 | Y30: 1, 5 | Z30: 50 to 200 | AA30: Yes | AB30: 2 | AC30: =IF(AB30 = 5, 1, IF(AB30 = 4, 0.75, IF(AB30 = 3, 0.5, IF(AB30 = 2, 0.25, IF(AB30 = 1, 0.05, IF(AB30 = "<1%", 0.01, IF(AB30 = "", ""))))))) -> 0.25 | AD30: 1, 5 | AE30: 50 to 200
A31: 28 | B31: Prunus serotina | C31: Black Cherry | D31: Deciduous tree | Arbre décidu | E31: Purple | F31: Yes | G31: No | I31: =IF(H31 = 5, 1, IF(H31 = 4, 0.75, IF(H31 = 3, 0.5, IF(H31 = 2, 0.25, IF(H31 = 1, 0.05, IF(H31 = "<1%", 0.01, IF(H31 = "", ""))))))) | L31: No | N31: =IF(M31 = 5, 1, IF(M31 = 4, 0.75, IF(M31 = 3, 0.5, IF(M31 = 2, 0.25, IF(M31 = 1, 0.05, IF(M31 = "<1%", 0.01, IF(M31 = "", ""))))))) | Q31: Yes | R31: 1 | S31: =IF(R31 = 5, 1, IF(R31 = 4, 0.75, IF(R31 = 3, 0.5, IF(R31 = 2, 0.25, IF(R31 = 1, 0.05, IF(R31 = "<1%", 0.01, IF(R31 = "", ""))))))) -> 0.05 | T31: 1,7, SD | U31: 11 to 50 | V31: No | X31: =IF(W31 = 5, 1, IF(W31 = 4, 0.75, IF(W31 = 3, 0.5, IF(W31 = 2, 0.25, IF(W31 = 1, 0.05, IF(W31 = "<1%", 0.01, IF(W31 = "", ""))))))) | AA31: No | AC31: =IF(AB31 = 5, 1, IF(AB31 = 4, 0.75, IF(AB31 = 3, 0.5, IF(AB31 = 2, 0.25, IF(AB31 = 1, 0.05, IF(AB31 = "<1%", 0.01, IF(AB31 = "", "")))))))
A32: 29 | B32: Prunus sp. | C32: Plums, Cherries, and Allies | D32: Shrub | Arbuste | E32: Purple | F32: Yes | G32: No | I32: =IF(H32 = 5, 1, IF(H32 = 4, 0.75, IF(H32 = 3, 0.5, IF(H32 = 2, 0.25, IF(H32 = 1, 0.05, IF(H32 = "<1%", 0.01, IF(H32 = "", ""))))))) | L32: No | N32: =IF(M32 = 5, 1, IF(M32 = 4, 0.75, IF(M32 = 3, 0.5, IF(M32 = 2, 0.25, IF(M32 = 1, 0.05, IF(M32 = "<1%", 0.01, IF(M32 = "", ""))))))) | Q32: Yes | R32: 1 | S32: =IF(R32 = 5, 1, IF(R32 = 4, 0.75, IF(R32 = 3, 0.5, IF(R32 = 2, 0.25, IF(R32 = 1, 0.05, IF(R32 = "<1%", 0.01, IF(R32 = "", ""))))))) -> 0.05 | T32: 1,7, SD | U32: 12 to 50 | V32: No | X32: =IF(W32 = 5, 1, IF(W32 = 4, 0.75, IF(W32 = 3, 0.5, IF(W32 = 2, 0.25, IF(W32 = 1, 0.05, IF(W32 = "<1%", 0.01, IF(W32 = "", ""))))))) | AA32: No | AC32: =IF(AB32 = 5, 1, IF(AB32 = 4, 0.75, IF(AB32 = 3, 0.5, IF(AB32 = 2, 0.25, IF(AB32 = 1, 0.05, IF(AB32 = "<1%", 0.01, IF(AB32 = "", "")))))))
A33: 30 | B33: Spiraea sp. | C33: Meadowsweets | D33: Deciduous tree | Arbre décidu | E33: Purple | F33: No | G33: No | I33: =IF(H33 = 5, 1, IF(H33 = 4, 0.75, IF(H33 = 3, 0.5, IF(H33 = 2, 0.25, IF(H33 = 1, 0.05, IF(H33 = "<1%", 0.01, IF(H33 = "", ""))))))) | L33: Yes | M33: 3 | N33: =IF(M33 = 5, 1, IF(M33 = 4, 0.75, IF(M33 = 3, 0.5, IF(M33 = 2, 0.25, IF(M33 = 1, 0.05, IF(M33 = "<1%", 0.01, IF(M33 = "", ""))))))) -> 0.5 | O33: 1,7 | P33: 10 to 50 | Q33: No | S33: =IF(R33 = 5, 1, IF(R33 = 4, 0.75, IF(R33 = 3, 0.5, IF(R33 = 2, 0.25, IF(R33 = 1, 0.05, IF(R33 = "<1%", 0.01, IF(R33 = "", ""))))))) | V33: No | X33: =IF(W33 = 5, 1, IF(W33 = 4, 0.75, IF(W33 = 3, 0.5, IF(W33 = 2, 0.25, IF(W33 = 1, 0.05, IF(W33 = "<1%", 0.01, IF(W33 = "", ""))))))) | AA33: No | AC33: =IF(AB33 = 5, 1, IF(AB33 = 4, 0.75, IF(AB33 = 3, 0.5, IF(AB33 = 2, 0.25, IF(AB33 = 1, 0.05, IF(AB33 = "<1%", 0.01, IF(AB33 = "", "")))))))
A34: 31 | B34: Tilia sp. | C34: Lindens, Basswoods, and Lime Trees | D34: Deciduous tree | Arbre décidu | E34: Purple | F34: No | G34: No | I34: =IF(H34 = 5, 1, IF(H34 = 4, 0.75, IF(H34 = 3, 0.5, IF(H34 = 2, 0.25, IF(H34 = 1, 0.05, IF(H34 = "<1%", 0.01, IF(H34 = "", ""))))))) | L34: Yes | M34: 1 | N34: =IF(M34 = 5, 1, IF(M34 = 4, 0.75, IF(M34 = 3, 0.5, IF(M34 = 2, 0.25, IF(M34 = 1, 0.05, IF(M34 = "<1%", 0.01, IF(M34 = "", ""))))))) -> 0.05 | O34: 1,5, SD | P34: 0 to 10 | Q34: No | S34: =IF(R34 = 5, 1, IF(R34 = 4, 0.75, IF(R34 = 3, 0.5, IF(R34 = 2, 0.25, IF(R34 = 1, 0.05, IF(R34 = "<1%", 0.01, IF(R34 = "", ""))))))) | V34: No | X34: =IF(W34 = 5, 1, IF(W34 = 4, 0.75, IF(W34 = 3, 0.5, IF(W34 = 2, 0.25, IF(W34 = 1, 0.05, IF(W34 = "<1%", 0.01, IF(W34 = "", ""))))))) | AA34: No | AC34: =IF(AB34 = 5, 1, IF(AB34 = 4, 0.75, IF(AB34 = 3, 0.5, IF(AB34 = 2, 0.25, IF(AB34 = 1, 0.05, IF(AB34 = "<1%", 0.01, IF(AB34 = "", "")))))))
A35: 32 | B35: Ageratina aromatica | C35: White snakeroot | D35: Grass or Sedge | Graminée | E35: Yellow | F35: No | G35: No | I35: =IF(H35 = 5, 1, IF(H35 = 4, 0.75, IF(H35 = 3, 0.5, IF(H35 = 2, 0.25, IF(H35 = 1, 0.05, IF(H35 = "<1%", 0.01, IF(H35 = "", ""))))))) | L35: No | N35: =IF(M35 = 5, 1, IF(M35 = 4, 0.75, IF(M35 = 3, 0.5, IF(M35 = 2, 0.25, IF(M35 = 1, 0.05, IF(M35 = "<1%", 0.01, IF(M35 = "", ""))))))) | Q35: No | S35: =IF(R35 = 5, 1, IF(R35 = 4, 0.75, IF(R35 = 3, 0.5, IF(R35 = 2, 0.25, IF(R35 = 1, 0.05, IF(R35 = "<1%", 0.01, IF(R35 = "", ""))))))) | V35: Yes | W35: 2 | X35: =IF(W35 = 5, 1, IF(W35 = 4, 0.75, IF(W35 = 3, 0.5, IF(W35 = 2, 0.25, IF(W35 = 1, 0.05, IF(W35 = "<1%", 0.01, IF(W35 = "", ""))))))) -> 0.25 | Z35: between 50 and 200 | AC35: =IF(AB35 = 5, 1, IF(AB35 = 4, 0.75, IF(AB35 = 3, 0.5, IF(AB35 = 2, 0.25, IF(AB35 = 1, 0.05, IF(AB35 = "<1%", 0.01, IF(AB35 = "", "")))))))
A36: 33 | B36: Alnus incana | C36: Gray alder | D36: Deciduous tree | Arbre décidu | E36: Yellow | F36: No | G36: No | I36: =IF(H36 = 5, 1, IF(H36 = 4, 0.75, IF(H36 = 3, 0.5, IF(H36 = 2, 0.25, IF(H36 = 1, 0.05, IF(H36 = "<1%", 0.01, IF(H36 = "", ""))))))) | L36: Yes | M36: 2 | N36: =IF(M36 = 5, 1, IF(M36 = 4, 0.75, IF(M36 = 3, 0.5, IF(M36 = 2, 0.25, IF(M36 = 1, 0.05, IF(M36 = "<1%", 0.01, IF(M36 = "", ""))))))) -> 0.25 | O36: Growing singly, 3cm width | P36: Around 200 cm | Q36: No | S36: =IF(R36 = 5, 1, IF(R36 = 4, 0.75, IF(R36 = 3, 0.5, IF(R36 = 2, 0.25, IF(R36 = 1, 0.05, IF(R36 = "<1%", 0.01, IF(R36 = "", ""))))))) | V36: No | X36: =IF(W36 = 5, 1, IF(W36 = 4, 0.75, IF(W36 = 3, 0.5, IF(W36 = 2, 0.25, IF(W36 = 1, 0.05, IF(W36 = "<1%", 0.01, IF(W36 = "", ""))))))) | AA36: No | AC36: =IF(AB36 = 5, 1, IF(AB36 = 4, 0.75, IF(AB36 = 3, 0.5, IF(AB36 = 2, 0.25, IF(AB36 = 1, 0.05, IF(AB36 = "<1%", 0.01, IF(AB36 = "", "")))))))
A37: 34 | B37: Frangula alnus | C37: False Buckthorn | D37: Deciduous tree | Arbre décidu | E37: Yellow | F37: Yes | G37: Yes | H37: 5 | I37: =IF(H37 = 5, 1, IF(H37 = 4, 0.75, IF(H37 = 3, 0.5, IF(H37 = 2, 0.25, IF(H37 = 1, 0.05, IF(H37 = "<1%", 0.01, IF(H37 = "", ""))))))) -> 1 | J37: Large group of many plants | K37: 50 to 200 | L37: Yes | M37: 3 | N37: =IF(M37 = 5, 1, IF(M37 = 4, 0.75, IF(M37 = 3, 0.5, IF(M37 = 2, 0.25, IF(M37 = 1, 0.05, IF(M37 = "<1%", 0.01, IF(M37 = "", ""))))))) -> 0.5 | Q37: Yes | R37: 3 | S37: =IF(R37 = 5, 1, IF(R37 = 4, 0.75, IF(R37 = 3, 0.5, IF(R37 = 2, 0.25, IF(R37 = 1, 0.05, IF(R37 = "<1%", 0.01, IF(R37 = "", ""))))))) -> 0.5 | V37: No | X37: =IF(W37 = 5, 1, IF(W37 = 4, 0.75, IF(W37 = 3, 0.5, IF(W37 = 2, 0.25, IF(W37 = 1, 0.05, IF(W37 = "<1%", 0.01, IF(W37 = "", ""))))))) | AA37: Yes | AB37: 4 | AC37: =IF(AB37 = 5, 1, IF(AB37 = 4, 0.75, IF(AB37 = 3, 0.5, IF(AB37 = 2, 0.25, IF(AB37 = 1, 0.05, IF(AB37 = "<1%", 0.01, IF(AB37 = "", ""))))))) -> 0.75
A38: 35 | B38: Hygroamblystegium varium | C38: Tangled thread moss | D38: Moss | Mousse | E38: Yellow | F38: No | G38: No | I38: =IF(H38 = 5, 1, IF(H38 = 4, 0.75, IF(H38 = 3, 0.5, IF(H38 = 2, 0.25, IF(H38 = 1, 0.05, IF(H38 = "<1%", 0.01, IF(H38 = "", ""))))))) | L38: No | N38: =IF(M38 = 5, 1, IF(M38 = 4, 0.75, IF(M38 = 3, 0.5, IF(M38 = 2, 0.25, IF(M38 = 1, 0.05, IF(M38 = "<1%", 0.01, IF(M38 = "", ""))))))) | Q38: No | S38: =IF(R38 = 5, 1, IF(R38 = 4, 0.75, IF(R38 = 3, 0.5, IF(R38 = 2, 0.25, IF(R38 = 1, 0.05, IF(R38 = "<1%", 0.01, IF(R38 = "", ""))))))) | V38: No | X38: =IF(W38 = 5, 1, IF(W38 = 4, 0.75, IF(W38 = 3, 0.5, IF(W38 = 2, 0.25, IF(W38 = 1, 0.05, IF(W38 = "<1%", 0.01, IF(W38 = "", ""))))))) | AA38: Yes | AB38: 1 | AC38: =IF(AB38 = 5, 1, IF(AB38 = 4, 0.75, IF(AB38 = 3, 0.5, IF(AB38 = 2, 0.25, IF(AB38 = 1, 0.05, IF(AB38 = "<1%", 0.01, IF(AB38 = "", ""))))))) -> 0.05 | AD38: small dense clump | AE38: 2
A39: 36 | B39: Maianthemum racemosum | C39: Soloman's plume | D39: Grass or Sedge | Graminée | E39: Yellow | F39: No | G39: No | I39: =IF(H39 = 5, 1, IF(H39 = 4, 0.75, IF(H39 = 3, 0.5, IF(H39 = 2, 0.25, IF(H39 = 1, 0.05, IF(H39 = "<1%", 0.01, IF(H39 = "", ""))))))) | L39: Yes | M39: 2 | N39: =IF(M39 = 5, 1, IF(M39 = 4, 0.75, IF(M39 = 3, 0.5, IF(M39 = 2, 0.25, IF(M39 = 1, 0.05, IF(M39 = "<1%", 0.01, IF(M39 = "", ""))))))) -> 0.25 | O39: Growing singly, fruiting | P39: Between 10 and 50 cm | Q39: No | S39: =IF(R39 = 5, 1, IF(R39 = 4, 0.75, IF(R39 = 3, 0.5, IF(R39 = 2, 0.25, IF(R39 = 1, 0.05, IF(R39 = "<1%", 0.01, IF(R39 = "", ""))))))) | V39: Yes | W39: 0 | X39: 0.01 | AA39: No | AC39: =IF(AB39 = 5, 1, IF(AB39 = 4, 0.75, IF(AB39 = 3, 0.5, IF(AB39 = 2, 0.25, IF(AB39 = 1, 0.05, IF(AB39 = "<1%", 0.01, IF(AB39 = "", "")))))))
A40: 37 | B40: Onoclea sensibilis | C40: Sensitive fern | D40: Fern | Fougère | E40: Yellow | F40: Yes | G40: No | I40: =IF(H40 = 5, 1, IF(H40 = 4, 0.75, IF(H40 = 3, 0.5, IF(H40 = 2, 0.25, IF(H40 = 1, 0.05, IF(H40 = "<1%", 0.01, IF(H40 = "", ""))))))) | L40: No | N40: =IF(M40 = 5, 1, IF(M40 = 4, 0.75, IF(M40 = 3, 0.5, IF(M40 = 2, 0.25, IF(M40 = 1, 0.05, IF(M40 = "<1%", 0.01, IF(M40 = "", ""))))))) | Q40: Yes | R40: 1 | S40: =IF(R40 = 5, 1, IF(R40 = 4, 0.75, IF(R40 = 3, 0.5, IF(R40 = 2, 0.25, IF(R40 = 1, 0.05, IF(R40 = "<1%", 0.01, IF(R40 = "", ""))))))) -> 0.05 | U40: 6 | V40: No | X40: =IF(W40 = 5, 1, IF(W40 = 4, 0.75, IF(W40 = 3, 0.5, IF(W40 = 2, 0.25, IF(W40 = 1, 0.05, IF(W40 = "<1%", 0.01, IF(W40 = "", ""))))))) | AA40: Yes | AB40: 1 | AC40: =IF(AB40 = 5, 1, IF(AB40 = 4, 0.75, IF(AB40 = 3, 0.5, IF(AB40 = 2, 0.25, IF(AB40 = 1, 0.05, IF(AB40 = "<1%", 0.01, IF(AB40 = "", ""))))))) -> 0.05
A41: 38 | B41: Potentilla | C41: Cinquefoils | D41: Shrub | Arbuste | E41: Yellow | F41: No | G41: No | I41: =IF(H41 = 5, 1, IF(H41 = 4, 0.75, IF(H41 = 3, 0.5, IF(H41 = 2, 0.25, IF(H41 = 1, 0.05, IF(H41 = "<1%", 0.01, IF(H41 = "", ""))))))) | L41: Yes | M41: 3 | N41: =IF(M41 = 5, 1, IF(M41 = 4, 0.75, IF(M41 = 3, 0.5, IF(M41 = 2, 0.25, IF(M41 = 1, 0.05, IF(M41 = "<1%", 0.01, IF(M41 = "", ""))))))) -> 0.5 | O41: Large group of many plants | P41: around 10 cm | Q41: Yes | R41: 4 | S41: =IF(R41 = 5, 1, IF(R41 = 4, 0.75, IF(R41 = 3, 0.5, IF(R41 = 2, 0.25, IF(R41 = 1, 0.05, IF(R41 = "<1%", 0.01, IF(R41 = "", ""))))))) -> 0.75 | V41: Yes | W41: 1 | X41: =IF(W41 = 5, 1, IF(W41 = 4, 0.75, IF(W41 = 3, 0.5, IF(W41 = 2, 0.25, IF(W41 = 1, 0.05, IF(W41 = "<1%", 0.01, IF(W41 = "", ""))))))) -> 0.05 | AA41: Yes | AB41: 1 | AC41: =IF(AB41 = 5, 1, IF(AB41 = 4, 0.75, IF(AB41 = 3, 0.5, IF(AB41 = 2, 0.25, IF(AB41 = 1, 0.05, IF(AB41 = "<1%", 0.01, IF(AB41 = "", ""))))))) -> 0.05
A42: 39 | B42: Rubus occidentalis | C42: Black raspberry | D42: Shrub | Arbuste | E42: Yellow | F42: No | G42: No | I42: =IF(H42 = 5, 1, IF(H42 = 4, 0.75, IF(H42 = 3, 0.5, IF(H42 = 2, 0.25, IF(H42 = 1, 0.05, IF(H42 = "<1%", 0.01, IF(H42 = "", ""))))))) | L42: No | N42: =IF(M42 = 5, 1, IF(M42 = 4, 0.75, IF(M42 = 3, 0.5, IF(M42 = 2, 0.25, IF(M42 = 1, 0.05, IF(M42 = "<1%", 0.01, IF(M42 = "", ""))))))) | Q42: No | S42: =IF(R42 = 5, 1, IF(R42 = 4, 0.75, IF(R42 = 3, 0.5, IF(R42 = 2, 0.25, IF(R42 = 1, 0.05, IF(R42 = "<1%", 0.01, IF(R42 = "", ""))))))) | V42: No | X42: =IF(W42 = 5, 1, IF(W42 = 4, 0.75, IF(W42 = 3, 0.5, IF(W42 = 2, 0.25, IF(W42 = 1, 0.05, IF(W42 = "<1%", 0.01, IF(W42 = "", ""))))))) | AA42: Yes | AB42: 1 | AC42: =IF(AB42 = 5, 1, IF(AB42 = 4, 0.75, IF(AB42 = 3, 0.5, IF(AB42 = 2, 0.25, IF(AB42 = 1, 0.05, IF(AB42 = "<1%", 0.01, IF(AB42 = "", ""))))))) -> 0.05 | AD42: small dense clump | AE42: 10 to 50
A43: 40 | B43: Solidago | C43: Goldenrod | D43: Grass or Sedge | Graminée | E43: Yellow | F43: Yes | G43: Yes | H43: 3 | I43: =IF(H43 = 5, 1, IF(H43 = 4, 0.75, IF(H43 = 3, 0.5, IF(H43 = 2, 0.25, IF(H43 = 1, 0.05, IF(H43 = "<1%", 0.01, IF(H43 = "", ""))))))) -> 0.5 | J43: Small dense clumps | K43: 10 to 50 | L43: No | N43: =IF(M43 = 5, 1, IF(M43 = 4, 0.75, IF(M43 = 3, 0.5, IF(M43 = 2, 0.25, IF(M43 = 1, 0.05, IF(M43 = "<1%", 0.01, IF(M43 = "", ""))))))) | Q43: No | S43: =IF(R43 = 5, 1, IF(R43 = 4, 0.75, IF(R43 = 3, 0.5, IF(R43 = 2, 0.25, IF(R43 = 1, 0.05, IF(R43 = "<1%", 0.01, IF(R43 = "", ""))))))) | V43: No | X43: =IF(W43 = 5, 1, IF(W43 = 4, 0.75, IF(W43 = 3, 0.5, IF(W43 = 2, 0.25, IF(W43 = 1, 0.05, IF(W43 = "<1%", 0.01, IF(W43 = "", ""))))))) | AA43: No | AC43: =IF(AB43 = 5, 1, IF(AB43 = 4, 0.75, IF(AB43 = 3, 0.5, IF(AB43 = 2, 0.25, IF(AB43 = 1, 0.05, IF(AB43 = "<1%", 0.01, IF(AB43 = "", "")))))))
A44: 41 | B44: Symphyotritum ericoides | C44: White aster | D44: Grass or Sedge | Graminée | E44: Yellow | F44: No | G44: No | I44: =IF(H44 = 5, 1, IF(H44 = 4, 0.75, IF(H44 = 3, 0.5, IF(H44 = 2, 0.25, IF(H44 = 1, 0.05, IF(H44 = "<1%", 0.01, IF(H44 = "", ""))))))) | L44: No | N44: =IF(M44 = 5, 1, IF(M44 = 4, 0.75, IF(M44 = 3, 0.5, IF(M44 = 2, 0.25, IF(M44 = 1, 0.05, IF(M44 = "<1%", 0.01, IF(M44 = "", ""))))))) | Q44: Yes | R44: 1 | S44: =IF(R44 = 5, 1, IF(R44 = 4, 0.75, IF(R44 = 3, 0.5, IF(R44 = 2, 0.25, IF(R44 = 1, 0.05, IF(R44 = "<1%", 0.01, IF(R44 = "", ""))))))) -> 0.05 | T44: Growing singly, sprouting | U44: Around 10 cm | V44: Yes | W44: 3 | X44: =IF(W44 = 5, 1, IF(W44 = 4, 0.75, IF(W44 = 3, 0.5, IF(W44 = 2, 0.25, IF(W44 = 1, 0.05, IF(W44 = "<1%", 0.01, IF(W44 = "", ""))))))) -> 0.5 | Z44: 50 | AA44: No | AC44: =IF(AB44 = 5, 1, IF(AB44 = 4, 0.75, IF(AB44 = 3, 0.5, IF(AB44 = 2, 0.25, IF(AB44 = 1, 0.05, IF(AB44 = "<1%", 0.01, IF(AB44 = "", "")))))))
A45: 42 | B45: Tiarella cordifolia | C45: Foam flower | D45: Grass or Sedge | Graminée | E45: Yellow | F45: No | G45: Yes | H45: 5 | I45: =IF(H45 = 5, 1, IF(H45 = 4, 0.75, IF(H45 = 3, 0.5, IF(H45 = 2, 0.25, IF(H45 = 1, 0.05, IF(H45 = "<1%", 0.01, IF(H45 = "", ""))))))) -> 1 | J45: Extensive mat | K45: around 5 to 10 | L45: No | N45: =IF(M45 = 5, 1, IF(M45 = 4, 0.75, IF(M45 = 3, 0.5, IF(M45 = 2, 0.25, IF(M45 = 1, 0.05, IF(M45 = "<1%", 0.01, IF(M45 = "", ""))))))) | Q45: No | S45: =IF(R45 = 5, 1, IF(R45 = 4, 0.75, IF(R45 = 3, 0.5, IF(R45 = 2, 0.25, IF(R45 = 1, 0.05, IF(R45 = "<1%", 0.01, IF(R45 = "", ""))))))) | V45: No | X45: =IF(W45 = 5, 1, IF(W45 = 4, 0.75, IF(W45 = 3, 0.5, IF(W45 = 2, 0.25, IF(W45 = 1, 0.05, IF(W45 = "<1%", 0.01, IF(W45 = "", ""))))))) | AA45: No | AC45: =IF(AB45 = 5, 1, IF(AB45 = 4, 0.75, IF(AB45 = 3, 0.5, IF(AB45 = 2, 0.25, IF(AB45 = 1, 0.05, IF(AB45 = "<1%", 0.01, IF(AB45 = "", "")))))))

Sheet Physicochemical Data - Wetland
A1: INPUT YOUR WATER SAMPLING (DAY 2) DATA HERE. EACH GROUP SHOULD HAVE MEASUREMENTS FOR ALL OF THE PARAMETERS.
A4: Wetland Site A: | B4: Yellow
A5: Latitude: | B5: 45.393
A6: Longitude: | B6: -75.509
E7: Temperature (deg C) | J7: pH | O7: Conductivity (us/cm) | T7: Total dissolved substances (ppm) | Y7: Dissolved Oxygen (Oxygène) (%sat) | AD7: Alkalinity | Alkalinité (mg CaCO3/L) | AI7: NO3- | AJ7: SO42- | AK7: Fe(II) | AL7: Fe total | AM7: DOC | AN7: Chlorophyll a
A8: Time | B8: Water depth (cm) | C8: Soil type | D8: Level of decomposition | E8: Rep 1 | F8: Rep 2 | G8: Rep 3 | H8: Mean | I8: SD | J8: Rep 1 | K8: Rep 2 | L8: Rep 3 | M8: Mean | Moyenne | N8: SD | O8: Rep 1 | P8: Rep 2 | Q8: Rep 3 | R8: Mean | Moyenne | S8: Sd | T8: Rep 1 | U8: Rep 2 | V8: Rep 3 | W8: Mean | Moyenne | X8: Sd | Y8: Rep 1 | Z8: Rep 2 | AA8: Rep 3 | AB8: Mean | Moyenne | AC8: SD | AD8: Rep 1 | AE8: Rep 2 | AF8: Rep 3 | AG8: Mean | Moyenne | AH8: SD | AI8: mg/L | AJ8: mg/L | AK8: mg/L | AL8: mg/L | AM8: abs | AN8: RFU
A9: 0.40833333 | B9: 17 | C9: Mucky peat | D9: H5 | E9: 15.5 | F9: 15.7 | G9: 16 | H9: =AVERAGE(E9:G9) -> 15.733333 | I9: =STDEV(E9:G9) -> 0.25166115 | J9: 6.9 | K9: 6.82 | L9: 6.67 | M9: =AVERAGE(J9:L9) -> 6.7966667 | N9: =STDEV(J9:L9) -> 0.11676187 | O9: 176 | P9: 175 | Q9: 176 | R9: =AVERAGE(O9:Q9) -> 175.66667 | S9: =STDEV(O9:Q9) -> 0.57735027 | T9: 87 | U9: 87 | V9: 87 | Y9: 19 | Z9: 15 | AA9: 16 | AB9: =AVERAGE(Y9:AA9) -> 16.666667 | AC9: =STDEV(Y9:AA9) -> 2.081666 | AD9: 39.8 | AE9: 39 | AF9: 44.3 | AG9: =AVERAGE(AD9:AF9) -> 41.033333 | AH9: =STDEV(AD9:AF9) -> 2.8571548 | AI9: 0 | AJ9: 0 | AK9: 0.39 | AL9: 3.78 | AM9: 1.287 | AN9: 6435.61
A10: 0.45555556 | B10: 15 | E10: 18.6 | F10: 19.7 | G10: 19.8 | H10: 19.366667 | I10: 0.66583281 | J10: 6.8 | K10: 6.88 | L10: 6.86 | M10: 6.8466667 | N10: 0.04163332 | O10: 170 | P10: 167 | Q10: 165 | R10: 167.33333 | S10: 2.5166115 | T10: 85 | U10: 83 | V10: 83 | W10: 83.666667 | X10: 1.1547005 | Y10: 22.7 | Z10: 32.3 | AA10: 52.4 | AB10: 35.8 | AC10: 15.156187 | AG10: #DIV/0! | AH10: #DIV/0!
A11: 0.46875 | B11: 16 | C11: Muck | D11: Fully decomposed | E11: 19.4 | F11: 20 | G11: 19.6 | H11: 19.666667 | I11: 0.30550505 | J11: 5.6 | K11: 5.75 | L11: 5.78 | M11: 5.71 | N11: 0.096436508 | O11: 160 | P11: 155 | Q11: 157 | R11: 157.33333 | S11: 2.5166115 | T11: 79 | U11: 78 | V11: 78 | W11: 78.333333 | X11: 0.47140452 | Y11: 0.69 | Z11: 0.67 | AA11: 0.65 | AB11: 0.67 | AC11: 0.02 | AG11: #DIV/0! | AH11: #DIV/0!
A15: Wetland Site B: | B15: Pink
A16: Latitude: | B16: 45.392
A17: Longitude: | B17: -75.51
E18: Temperature (deg C) | J18: pH | O18: Conductivity (us/cm) | T18: Total dissolved substances (ppm) | Y18: Dissolved Oxygen (Oxygène) (mg/L) | AD18: Alkalinity | Alkalinité (mg CaCO3/L) | AI18: NO3- | AJ18: SO42- | AK18: Fe(II) | AL18: Fe total | AM18: DOC | AN18: Chlorophyll a
A19: Time | B19: Water depth (cm) | C19: Soil type | D19: Level of decomposition | E19: Rep 1 | F19: Rep 2 | G19: Rep 3 | H19: Mean | I19: SD | J19: Rep 1 | K19: Rep 2 | L19: Rep 3 | M19: Mean | Moyenne | N19: SD | O19: Rep 1 | P19: Rep 2 | Q19: Rep 3 | R19: Mean | Moyenne | S19: Sd | T19: Rep 1 | U19: Rep 2 | V19: Rep 3 | W19: Mean | Moyenne | X19: Sd | Y19: Rep 1 | Z19: Rep 2 | AA19: Rep 3 | AB19: Mean | Moyenne | AC19: SD | AD19: Rep 1 | AE19: Rep 2 | AF19: Rep 3 | AG19: Mean | Moyenne | AH19: SD | AI19: mg/L | AJ19: mg/L | AK19: mg/L | AL19: mg/L | AM19: abs | AN19: RFU
A20: 0.40625 | B20: 65 | C20: Peat | D20: None | E20: 21.6 | F20: 22.4 | G20: 22.2 | H20: 22.066667 | I20: 0.4163332 | J20: 6.13 | K20: 6.12 | L20: 6.13 | M20: 6.1266667 | N20: 0.0057735027 | O20: 103 | P20: 97 | Q20: 96 | R20: 98.666667 | S20: 3.7859389 | T20: 50 | U20: 49 | V20: 49 | W20: 49.333333 | X20: 0.57735027 | Y20: 16.4 | Z20: 28.7 | AA20: 33.4 | AB20: 26.166667 | AC20: 8.7785724 | AD20: 1.85 | AE20: 1.875 | AF20: 1.825 | AG20: 1.85 | AH20: 0.025 | AI20: 0 | AJ20: 0 | AK20: 0.08 | AL20: 1.42 | AM20: 0.41455556 | AN20: 3171.3622 | AP20: 0.402 | AQ20: 0.421 | AR20: 0.42 | AT20: 2574.01 | AU20: 3195.47 | AV20: 3550.91
A21: 0.44791667 | B21: 72 | C21: Mucky peat | E21: 22.9 | F21: 22.7 | G21: 22.8 | H21: =AVERAGE(E21:G21) -> 22.8 | I21: =STDEV(E21:G21) -> 0.1 | J21: 5.52 | K21: 5.51 | L21: 5.51 | M21: =AVERAGE(J21:L21) -> 5.5133333 | N21: =STDEV(J21:L21) -> 0.0057735027 | O21: 98 | P21: 100 | Q21: 99 | T21: 49 | U21: 50 | V21: 49 | Y21: 38 | Z21: 32 | AA21: 34 | AB21: =AVERAGE(Y21:AA21) -> 34.666667 | AC21: =STDEV(Y21:AA21) -> 3.0550505
A22: 0.48958333 | B22: 72 | C22: Mucky mineral soil | E22: 25.8 | F22: 25.9 | G22: 26 | H22: 25.9 | I22: 0.1 | J22: 5.52 | K22: 5.49 | L22: 5.46 | M22: 5.49 | N22: 0.03 | O22: 91 | P22: 90 | Q22: 90 | R22: 90.333333 | S22: 0.57735027 | T22: 45 | U22: 45 | V22: 46 | W22: 45.333333 | X22: 0.57735027 | Y22: 3.76 | Z22: 3.77 | AA22: 3.79 | AB22: 3.7733333 | AC22: 0.015275252
A27: Wetland Site C: | B27: Purple
A28: Latitude: | B28: 45.392
A29: Longitude: | B29: -75.509
E30: Temperature (deg C) | J30: pH | O30: Conductivity (us/cm) | T30: Total dissolved substances (ppm) | Y30: Dissolved Oxygen (Oxygène) (mg/L) | AD30: Alkalinity | Alkalinité (mg CaCO3/L) | AI30: NO3- | AJ30: SO42- | AK30: Fe(II) | AL30: Fe total | AM30: DOC | AN30: Chlorophyll a
A31: Time | B31: Water depth (cm) | C31: Soil type | D31: Level of decomposition | E31: Rep 1 | F31: Rep 2 | G31: Rep 3 | H31: Mean | I31: SD | J31: Rep 1 | K31: Rep 2 | L31: Rep 3 | M31: Mean | Moyenne | N31: SD | O31: Rep 1 | P31: Rep 2 | Q31: Rep 3 | R31: Mean | Moyenne | S31: Sd | T31: Rep 1 | U31: Rep 2 | V31: Rep 3 | W31: Mean | Moyenne | X31: Sd | Y31: Rep 1 | Z31: Rep 2 | AA31: Rep 3 | AB31: Mean | Moyenne | AC31: SD | AD31: Rep 1 | AE31: Rep 2 | AF31: Rep 3 | AG31: Mean | Moyenne | AH31: SD | AI31: mg/L | AJ31: mg/L | AK31: mg/L | AL31: mg/L | AM31: abs | AN31: RFU
A32: 0.44722222 | B32: 36 | C32: Peat | D32: Slightly decomposed | E32: 17.2 | F32: 16.7 | G32: 16.2 | H32: 16.7 | I32: 0.5 | J32: 4.45 | K32: 4.42 | L32: 4.37 | M32: 4.4133333 | N32: 0.040414519 | O32: 110 | P32: 106 | Q32: 104 | R32: 106.66667 | S32: 3.0550505 | T32: 54 | U32: 52 | V32: 52 | W32: 52.666667 | X32: 1.1547005 | Y32: 0.83 | Z32: 0.9 | AA32: 0.73 | AB32: 0.82 | AC32: 0.085440037 | AD32: 2.5 | AE32: 28.5 | AF32: 5.75 | AG32: 12.25 | AH32: 14.166422 | AI32: 0 | AJ32: 0 | AK32: 0.88 | AL32: 2.8 | AM32: 0.846 | AN32: 32775.45
A33: 0.46875 | B33: 0 (surface level) | E33: 22.6 | F33: 22.8 | G33: 22.9 | H33: 22.766667 | I33: 0.15275252 | J33: 4.56 | K33: 4.5 | L33: 4.44 | M33: 4.5 | N33: 0.06 | O33: 132 | P33: 136 | Q33: 136 | R33: 134.66667 | S33: 2.3094011 | T33: 66 | U33: 68 | V33: 68 | W33: 67.333333 | X33: 1.1547005 | Y33: 7.7 | Z33: 2.2 | AA33: 0.8 | AB33: 3.5666667 | AC33: 3.6473735
A34: 0.48194444 | C34: damp muck | E34: 17 | F34: 16.8 | G34: 16.7 | H34: =AVERAGE(E34:G34) -> 16.833333 | I34: =STDEV(E34:G34) -> 0.15275252 | J34: 3.82 | K34: 3.78 | L34: 3.77 | M34: =AVERAGE(J34:L34) -> 3.79 | N34: =STDEV(J34:L34) -> 0.026457513 | O34: 120 | P34: 119 | Q34: 117 | T34: 58 | U34: 58 | V34: 57 | Y34: 8 | Z34: 7 | AA34: 5 | AB34: =AVERAGE(Y34:AA34) -> 6.6666667 | AC34: =STDEV(Y34:AA34) -> 1.5275252

Sheet Physicochemical Data - Forest
A2: Site ID | B2: Latitude | C2: Longitude | D2: Soil type | Type de sol | E2: Average Canopy Cover at Site | Couverture moyenne au site | F2: Other notes | Autres notes
A3: Yellow | B3: 45.3933 | C3: -75.51 | D3: Sandy clay loam | E3: 80 | F3: Top layer is darker, bottom layer, starting at 13.2cm depth is lighter in colour. Bottom layer is more dense and stiff. The soil is weell drained.
A4: Pink | B4: 45.393204 | C4: -75.51385 | D4: Silty Clay Loam | E4: 15 | F4: Poor drainage, no water present but soil was damp/moist
A5: purple | B5: 45.393611 | C5: -75.512778 | D5: Sandy loam | E5: 0.8 | F5: Soil drainage class: somewhat excessive Soil remains in ball when squeezed, does not shine, < 1 inch ribbon, very gritty texture

Sheet Taxa
A1: DO NOT ADD DATA HERE. | S.V.P. NE PAS AJOUTER VOS DONNÉES ICI
A3: Taxon type | Type de taxon
A4: Mammal | Mammifère
A5: Bird | Oiseau
A6: Insect | Insecte
A7: Arachnid | Araignée
A8: Amphibian | Amphibien
A9: Reptile
A10: Grass or Sedge | Graminée
A11: Deciduous tree | Arbre décidu
A12: Evergreen tree | Arbre sempervirent
A13: Carnivorous plant | Plante carnivore
... A18: Aquatic plant | Plante aquatique

Sheet Proportions
A1: DO NOT CHANGE. THESE ARE LINKED TO COLUMNS IN THE BIODIVERSITY TABS AND CAN BE USED FOR THE CALCULATION OF ALPHA AND BETA DIVERSITY METRICS.
A3: WETLAND | ZONE HUMIDE | M3: FOREST | FORÊT
E4: PROPORTIONS (ABUNDANCE PROXY) | Q4: PROPORTIONS (ABUNDANCE PROXY)
A5: Latin name | B5: Common name | C5: Taxon type | D5: Site ID | E5: Plot 1 | F5: Plot 2 | G5: Plot 3 | H5: Plot 4 | I5: Plot 5 | J5: Mean Proportion at Site | M5: Latin name | N5: Common name | O5: Taxon type | P5: Site ID | Q5: Plot 1 | R5: Plot 2 | S5: Plot 3 | T5: Plot 4 | U5: Plot 5 | V5: Mean Proportion at Site
A6: ='BioBlitz Surveys - Wetland'!B4 -> Bidens discoidea | B6: ='BioBlitz Surveys - Wetland'!C4 -> Swamp Beggarticks | C6: ='BioBlitz Surveys - Wetland'!D4 -> Aquatic plant | Plante aquatique | D6: ='BioBlitz Surveys - Wetland'!E4 -> Pink | E6: ='BioBlitz Surveys - Wetland'!I4 -> 0.75 | F6: ='BioBlitz Surveys - Wetland'!N4 -> 0.05 | G6: ='BioBlitz Surveys - Wetland'!S4 -> 0.05 | H6: ='BioBlitz Surveys - Wetland'!X4 -> 0.05 | I6: ='BioBlitz Surveys - Wetland'!AC4 | J6: =AVERAGE(E6:I6) -> 0.225 | M6: ='BioBlitz Surveys - Forest'!B4 -> Acer | N6: ='BioBlitz Surveys - Forest'!C4 -> Maple | O6: ='BioBlitz Surveys - Forest'!D4 -> Deciduous tree | Arbre décidu | P6: ='BioBlitz Surveys - Forest'!E4 -> Pink | Q6: ='BioBlitz Surveys - Forest'!I4 | R6: ='BioBlitz Surveys - Forest'!N4 | S6: ='BioBlitz Surveys - Forest'!S4 | T6: ='BioBlitz Surveys - Forest'!X4 | U6: ='BioBlitz Surveys - Forest'!AC4 -> 0.05 | V6: =AVERAGE(Q6:U6) -> 0.05
A7: ='BioBlitz Surveys - Wetland'!B5 -> Chamaedaphne calyculata | B7: ='BioBlitz Surveys - Wetland'!C5 -> Leather leaf | C7: ='BioBlitz Surveys - Wetland'!D5 -> Shrub | Arbuste | D7: ='BioBlitz Surveys - Wetland'!E5 -> Pink | E7: ='BioBlitz Surveys - Wetland'!I5 -> 0.25 | F7: ='BioBlitz Surveys - Wetland'!N5 -> 0.25 | G7: ='BioBlitz Surveys - Wetland'!S5 -> 0.25 | H7: ='BioBlitz Surveys - Wetland'!X5 | I7: ='BioBlitz Surveys - Wetland'!AC5 -> 0.25 | J7: =AVERAGE(E7:I7) -> 0.25 | M7: ='BioBlitz Surveys - Forest'!B5 -> Anthyrium angustum | N7: ='BioBlitz Surveys - Forest'!C5 -> Northern Lady fern | O7: ='BioBlitz Surveys - Forest'!D5 -> Fern | Fougère | P7: ='BioBlitz Surveys - Forest'!E5 -> Pink | Q7: ='BioBlitz Surveys - Forest'!I5 | R7: ='BioBlitz Surveys - Forest'!N5 | S7: ='BioBlitz Surveys - Forest'!S5 -> 0.25 | T7: ='BioBlitz Surveys - Forest'!X5 | U7: ='BioBlitz Surveys - Forest'!AC5 | V7: =AVERAGE(Q7:U7) -> 0.25
A8: ='BioBlitz Surveys - Wetland'!B6 -> Dulichium arundinaceum | B8: ='BioBlitz Surveys - Wetland'!C6 -> Three-way sedge | C8: ='BioBlitz Surveys - Wetland'!D6 -> Grass or Sedge | Graminée | D8: ='BioBlitz Surveys - Wetland'!E6 -> Pink | E8: ='BioBlitz Surveys - Wetland'!I6 | F8: ='BioBlitz Surveys - Wetland'!N6 -> 0.25 | G8: ='BioBlitz Surveys - Wetland'!S6 -> 0.25 | H8: ='BioBlitz Surveys - Wetland'!X6 -> 0.25 | I8: ='BioBlitz Surveys - Wetland'!AC6 | J8: =AVERAGE(E8:I8) -> 0.25 | M8: ='BioBlitz Surveys - Forest'!B6 -> Asclepias incarnata | N8: ='BioBlitz Surveys - Forest'!C6 -> Swamp milkweed | O8: ='BioBlitz Surveys - Forest'!D6 -> Grass or Sedge | Graminée | P8: ='BioBlitz Surveys - Forest'!E6 -> Pink | Q8: ='BioBlitz Surveys - Forest'!I6 | R8: ='BioBlitz Surveys - Forest'!N6 | S8: ='BioBlitz Surveys - Forest'!S6 -> 0.05 | T8: ='BioBlitz Surveys - Forest'!X6 | U8: ='BioBlitz Surveys - Forest'!AC6 | V8: =AVERAGE(Q8:U8) -> 0.05
A9: ='BioBlitz Surveys - Wetland'!B7 -> Galium | B9: ='BioBlitz Surveys - Wetland'!C7 -> Bedstraws | C9: ='BioBlitz Surveys - Wetland'!D7 -> Shrub | Arbuste | D9: ='BioBlitz Surveys - Wetland'!E7 -> Pink | E9: ='BioBlitz Surveys - Wetland'!I7 | F9: ='BioBlitz Surveys - Wetland'!N7 | G9: ='BioBlitz Surveys - Wetland'!S7 | H9: ='BioBlitz Surveys - Wetland'!X7 -> 0.05 | I9: ='BioBlitz Surveys - Wetland'!AC7 -> 0.05 | J9: =AVERAGE(E9:I9) -> 0.05 | M9: ='BioBlitz Surveys - Forest'!B7 -> Chinavia hilaris | N9: ='BioBlitz Surveys - Forest'!C7 -> Green stink bug | O9: ='BioBlitz Surveys - Forest'!D7 -> Insect | Insecte | P9: ='BioBlitz Surveys - Forest'!E7 -> Pink | Q9: ='BioBlitz Surveys - Forest'!I7 | R9: ='BioBlitz Surveys - Forest'!N7 | S9: ='BioBlitz Surveys - Forest'!S7 | T9: ='BioBlitz Surveys - Forest'!X7 | U9: ='BioBlitz Surveys - Forest'!AC7 | V9: =AVERAGE(Q9:U9) -> #DIV/0!
A10: ='BioBlitz Surveys - Wetland'!B8 -> Lycopus uniflorus | B10: ='BioBlitz Surveys - Wetland'!C8 -> Northern water-horehound | C10: ='BioBlitz Surveys - Wetland'!D8 -> Grass or Sedge | Graminée | D10: ='BioBlitz Surveys - Wetland'!E8 -> Pink | E10: ='BioBlitz Surveys - Wetland'!I8 | F10: ='BioBlitz Surveys - Wetland'!N8 | G10: ='BioBlitz Surveys - Wetland'!S8 | H10: ='BioBlitz Surveys - Wetland'!X8 -> 0.05 | I10: ='BioBlitz Surveys - Wetland'!AC8 -> 0.05 | J10: =AVERAGE(E10:I10) -> 0.05 | M10: ='BioBlitz Surveys - Forest'!B8 -> Doellingeria umbellata | N10: ='BioBlitz Surveys - Forest'!C8 -> Flat-top White Aster | O10: ='BioBlitz Surveys - Forest'!D8 -> Grass or Sedge | Graminée | P10: ='BioBlitz Surveys - Forest'!E8 -> Pink | Q10: ='BioBlitz Surveys - Forest'!I8 | R10: ='BioBlitz Surveys - Forest'!N8 | S10: ='BioBlitz Surveys - Forest'!S8 | T10: ='BioBlitz Surveys - Forest'!X8 -> 0.05 | U10: ='BioBlitz Surveys - Forest'!AC8 -> 0.05 | V10: =AVERAGE(Q10:U10) -> 0.05
A11: ='BioBlitz Surveys - Wetland'!B9 -> Lythrum salicaria | B11: ='BioBlitz Surveys - Wetland'!C9 -> Purple loosestrife | C11: ='BioBlitz Surveys - Wetland'!D9 -> Grass or Sedge | Graminée | D11: ='BioBlitz Surveys - Wetland'!E9 -> Pink | E11: ='BioBlitz Surveys - Wetland'!I9 | F11: ='BioBlitz Surveys - Wetland'!N9 | G11: ='BioBlitz Surveys - Wetland'!S9 | H11: ='BioBlitz Surveys - Wetland'!X9 | I11: ='BioBlitz Surveys - Wetland'!AC9 -> 0.05 | J11: =AVERAGE(E11:I11) -> 0.05 | M11: ='BioBlitz Surveys - Forest'!B9 -> Equisetum pratense | N11: ='BioBlitz Surveys - Forest'!C9 -> Meadow horsetail | O11: ='BioBlitz Surveys - Forest'!D9 -> Grass or Sedge | Graminée | P11: ='BioBlitz Surveys - Forest'!E9 -> Pink | Q11: ='BioBlitz Surveys - Forest'!I9 -> 0.05 | R11: ='BioBlitz Surveys - Forest'!N9 -> 0.05 | S11: ='BioBlitz Surveys - Forest'!S9 | T11: ='BioBlitz Surveys - Forest'!X9 | U11: ='BioBlitz Surveys - Forest'!AC9 | V11: =AVERAGE(Q11:U11) -> 0.05
A12: ='BioBlitz Surveys - Wetland'!B10 -> Onoclea sensibilis | B12: ='BioBlitz Surveys - Wetland'!C10 -> Sensitive fern | C12: ='BioBlitz Surveys - Wetland'!D10 -> Fern | Fougère | D12: ='BioBlitz Surveys - Wetland'!E10 -> Pink | E12: ='BioBlitz Surveys - Wetland'!I10 -> 0.05 | F12: ='BioBlitz Surveys - Wetland'!N10 -> 0.05 | G12: ='BioBlitz Surveys - Wetland'!S10 -> 0.05 | H12: ='BioBlitz Surveys - Wetland'!X10 -> 0.05 | I12: ='BioBlitz Surveys - Wetland'!AC10 -> 0.05 | J12: =AVERAGE(E12:I12) -> 0.05 | M12: ='BioBlitz Surveys - Forest'!B10 -> Frangula alnus | N12: ='BioBlitz Surveys - Forest'!C10 -> glossy buckthorn | O12: ='BioBlitz Surveys - Forest'!D10 -> Deciduous tree | Arbre décidu | P12: ='BioBlitz Surveys - Forest'!E10 -> Pink | Q12: ='BioBlitz Surveys - Forest'!I10 | R12: ='BioBlitz Surveys - Forest'!N10 -> 0.25 | S12: ='BioBlitz Surveys - Forest'!S10 | T12: ='BioBlitz Surveys - Forest'!X10 | U12: ='BioBlitz Surveys - Forest'!AC10 | V12: =AVERAGE(Q12:U12) -> 0.25
A13: ='BioBlitz Surveys - Wetland'!B11 -> Phalaris canariensis | B13: ='BioBlitz Surveys - Wetland'!C11 -> Seed canary grass | C13: ='BioBlitz Surveys - Wetland'!D11 -> Grass or Sedge | Graminée | D13: ='BioBlitz Surveys - Wetland'!E11 -> Pink | E13: ='BioBlitz Surveys - Wetland'!I11 | F13: ='BioBlitz Surveys - Wetland'!N11 -> 0.25 | G13: ='BioBlitz Surveys - Wetland'!S11 | H13: ='BioBlitz Surveys - Wetland'!X11 -> 0.25 | I13: ='BioBlitz Surveys - Wetland'!AC11 -> 0.25 | J13: =AVERAGE(E13:I13) -> 0.25 | M13: ='BioBlitz Surveys - Forest'!B11 -> Galium palustre | N13: ='BioBlitz Surveys - Forest'!C11 -> Common marsh bed straw | O13: ='BioBlitz Surveys - Forest'!D11 -> Grass or Sedge | Graminée | P13: ='BioBlitz Surveys - Forest'!E11 -> Pink | Q13: ='BioBlitz Surveys - Forest'!I11 -> 0.05 | R13: ='BioBlitz Surveys - Forest'!N11 | S13: ='BioBlitz Surveys - Forest'!S11 | T13: ='BioBlitz Surveys - Forest'!X11 | U13: ='BioBlitz Surveys - Forest'!AC11
A14: ='BioBlitz Surveys - Wetland'!B12 -> Spiraea tomentosa | B14: ='BioBlitz Surveys - Wetland'!C12 -> Steeplebush | C14: ='BioBlitz Surveys - Wetland'!D12 -> Shrub | Arbuste | D14: ='BioBlitz Surveys - Wetland'!E12 -> Pink | E14: ='BioBlitz Surveys - Wetland'!I12 -> 0.5 | F14: ='BioBlitz Surveys - Wetland'!N12 | G14: ='BioBlitz Surveys - Wetland'!S12 | H14: ='BioBlitz Surveys - Wetland'!X12 -> 0.05 | I14: ='BioBlitz Surveys - Wetland'!AC12 -> 0.05 | J14: =AVERAGE(E14:I14) -> 0.2 | M14: ='BioBlitz Surveys - Forest'!B12 -> gastropoda | N14: ='BioBlitz Surveys - Forest'!C12 -> snails | O14: ='BioBlitz Surveys - Forest'!D12 -> Insect | Insecte | P14: ='BioBlitz Surveys - Forest'!E12 -> pink | Q14: ='BioBlitz Surveys - Forest'!I12 | R14: ='BioBlitz Surveys - Forest'!N12 | S14: ='BioBlitz Surveys - Forest'!S12 | T14: ='BioBlitz Surveys - Forest'!X12 | U14: ='BioBlitz Surveys - Forest'!AC12 -> 0.25 | V14: =AVERAGE(Q14:U14) -> 0.25
A15: ='BioBlitz Surveys - Wetland'!B13 -> Thelypteris palustris | B15: ='BioBlitz Surveys - Wetland'!C13 -> Marsh Fern | C15: ='BioBlitz Surveys - Wetland'!D13 -> Fern | Fougère | D15: ='BioBlitz Surveys - Wetland'!E13 -> Pink | E15: ='BioBlitz Surveys - Wetland'!I13 | F15: ='BioBlitz Surveys - Wetland'!N13 | G15: ='BioBlitz Surveys - Wetland'!S13 -> 0.05 | H15: ='BioBlitz Surveys - Wetland'!X13 | I15: ='BioBlitz Surveys - Wetland'!AC13 | J15: =AVERAGE(E15:I15) -> 0.05 | M15: ='BioBlitz Surveys - Forest'!B13 -> Geum macrophyllum | N15: ='BioBlitz Surveys - Forest'!C13 -> Large leafed Avens | O15: ='BioBlitz Surveys - Forest'!D13 -> Grass or Sedge | Graminée | P15: ='BioBlitz Surveys - Forest'!E13 -> Pink | Q15: ='BioBlitz Surveys - Forest'!I13 -> 0.05 | R15: ='BioBlitz Surveys - Forest'!N13 | S15: ='BioBlitz Surveys - Forest'!S13 | T15: ='BioBlitz Surveys - Forest'!X13 | U15: ='BioBlitz Surveys - Forest'!AC13 | V15: =AVERAGE(Q15:U15) -> 0.05
A16: ='BioBlitz Surveys - Wetland'!B14 -> Typha angustifolia | B16: ='BioBlitz Surveys - Wetland'!C14 -> Narrow-leaved Cattail | C16: ='BioBlitz Surveys - Wetland'!D14 -> Aquatic plant | Plante aquatique | D16: ='BioBlitz Surveys - Wetland'!E14 -> Pink | E16: ='BioBlitz Surveys - Wetland'!I14 -> 0.75 | F16: ='BioBlitz Surveys - Wetland'!N14 -> 0.75 | G16: ='BioBlitz Surveys - Wetland'!S14 -> 0.75 | H16: ='BioBlitz Surveys - Wetland'!X14 -> 0.75 | I16: ='BioBlitz Surveys - Wetland'!AC14 -> 0.75 | J16: =AVERAGE(E16:I16) -> 0.75 | M16: ='BioBlitz Surveys - Forest'!B14 -> Halyomorpha halys | N16: ='BioBlitz Surveys - Forest'!C14 -> brown stink bug | O16: ='BioBlitz Surveys - Forest'!D14 -> Insect | Insecte | P16: ='BioBlitz Surveys - Forest'!E14 -> Pink | Q16: ='BioBlitz Surveys - Forest'!I14 | R16: ='BioBlitz Surveys - Forest'!N14 | S16: ='BioBlitz Surveys - Forest'!S14 | T16: ='BioBlitz Surveys - Forest'!X14 | U16: ='BioBlitz Surveys - Forest'!AC14 | V16: =AVERAGE(Q16:U16) -> #DIV/0!
A17: ='BioBlitz Surveys - Wetland'!B15 -> Alnus sp. | B17: ='BioBlitz Surveys - Wetland'!C15 -> Alder | C17: ='BioBlitz Surveys - Wetland'!D15 -> Deciduous tree | Arbre décidu | D17: ='BioBlitz Surveys - Wetland'!E15 -> Purple | E17: ='BioBlitz Surveys - Wetland'!I15 | F17: ='BioBlitz Surveys - Wetland'!N15 -> 0.05 | G17: ='BioBlitz Surveys - Wetland'!S15 | H17: ='BioBlitz Surveys - Wetland'!X15 | I17: ='BioBlitz Surveys - Wetland'!AC15 | J17: =AVERAGE(E17:I17) -> 0.05 | M17: ='BioBlitz Surveys - Forest'!B15 -> Hypnales | N17: ='BioBlitz Surveys - Forest'!C15 -> Feather Moss | O17: ='BioBlitz Surveys - Forest'!D15 -> Moss | Mousse | P17: ='BioBlitz Surveys - Forest'!E15 -> Pink | Q17: ='BioBlitz Surveys - Forest'!I15 -> 0.25 | R17: ='BioBlitz Surveys - Forest'!N15 | S17: ='BioBlitz Surveys - Forest'!S15 | T17: ='BioBlitz Surveys - Forest'!X15 | U17: ='BioBlitz Surveys - Forest'!AC15 | V17: =AVERAGE(Q17:U17) -> 0.25
A18: ='BioBlitz Surveys - Wetland'!B16 -> Calla palustris | B18: ='BioBlitz Surveys - Wetland'!C16 -> Marsh callas | C18: ='BioBlitz Surveys - Wetland'!D16 -> Aquatic plant | Plante aquatique | D18: ='BioBlitz Surveys - Wetland'!E16 -> Purple | E18: ='BioBlitz Surveys - Wetland'!I16 -> 0.05 | F18: ='BioBlitz Surveys - Wetland'!N16 | G18: ='BioBlitz Surveys - Wetland'!S16 -> 0.05 | H18: ='BioBlitz Surveys - Wetland'!X16 | I18: ='BioBlitz Surveys - Wetland'!AC16 | J18: =AVERAGE(E18:I18) -> 0.05 | M18: ='BioBlitz Surveys - Forest'!B16 -> Impatiens capensis | N18: ='BioBlitz Surveys - Forest'!C16 -> Jewel weed | O18: ='BioBlitz Surveys - Forest'!D16 -> Grass or Sedge | Graminée | P18: ='BioBlitz Surveys - Forest'!E16 -> Pink | Q18: ='BioBlitz Surveys - Forest'!I16 | R18: ='BioBlitz Surveys - Forest'!N16 -> 0.25 | S18: ='BioBlitz Surveys - Forest'!S16 | T18: ='BioBlitz Surveys - Forest'!X16 | U18: ='BioBlitz Surveys - Forest'!AC16 | V18: =AVERAGE(Q18:U18) -> 0.25
A19: ='BioBlitz Surveys - Wetland'!B17 -> Chamaedaphne calyculata | B19: ='BioBlitz Surveys - Wetland'!C17 -> Leatherleaf | C19: ='BioBlitz Surveys - Wetland'!D17 -> Shrub | Arbuste | D19: ='BioBlitz Surveys - Wetland'!E17 -> Purple | E19: ='BioBlitz Surveys - Wetland'!I17 -> 0.05 | F19: ='BioBlitz Surveys - Wetland'!N17 -> 0.25 | G19: ='BioBlitz Surveys - Wetland'!S17 -> 0.05 | H19: ='BioBlitz Surveys - Wetland'!X17 -> 0.25 | I19: ='BioBlitz Surveys - Wetland'!AC17 -> 0.05 | J19: =AVERAGE(E19:I19) -> 0.13 | M19: ='BioBlitz Surveys - Forest'!B17 -> Lythrum Salicaria | N19: ='BioBlitz Surveys - Forest'!C17 -> Purple Loosestrife | O19: ='BioBlitz Surveys - Forest'!D17 -> Grass or Sedge | Graminée | P19: ='BioBlitz Surveys - Forest'!E17 -> Pink | Q19: ='BioBlitz Surveys - Forest'!I17 -> 0.05 | R19: ='BioBlitz Surveys - Forest'!N17 | S19: ='BioBlitz Surveys - Forest'!S17 | T19: ='BioBlitz Surveys - Forest'!X17 -> 0.25 | U19: ='BioBlitz Surveys - Forest'!AC17 -> 0.05 | V19: =AVERAGE(Q19:U19) -> 0.11666667
A20: ='BioBlitz Surveys - Wetland'!B18 -> Dulichium arundinaceum | B20: ='BioBlitz Surveys - Wetland'!C18 -> Three-way sedge | C20: ='BioBlitz Surveys - Wetland'!D18 -> Grass or Sedge | Graminée | D20: ='BioBlitz Surveys - Wetland'!E18 -> Purple | E20: ='BioBlitz Surveys - Wetland'!I18 | F20: ='BioBlitz Surveys - Wetland'!N18 | G20: ='BioBlitz Surveys - Wetland'!S18 -> 0.05 | H20: ='BioBlitz Surveys - Wetland'!X18 | I20: ='BioBlitz Surveys - Wetland'!AC18 | J20: =AVERAGE(E20:I20) -> 0.05 | M20: ='BioBlitz Surveys - Forest'!B18 -> mecaphesa asperata | N20: ='BioBlitz Surveys - Forest'!C18 -> Northern Crab Spider | O20: ='BioBlitz Surveys - Forest'!D18 -> Insect | Insecte | P20: ='BioBlitz Surveys - Forest'!E18 -> Pink | Q20: ='BioBlitz Surveys - Forest'!I18 | R20: ='BioBlitz Surveys - Forest'!N18 | S20: ='BioBlitz Surveys - Forest'!S18 | T20: ='BioBlitz Surveys - Forest'!X18 -> 0.05 | U20: ='BioBlitz Surveys - Forest'!AC18 | V20: =AVERAGE(Q20:U20) -> 0.05
A21: ='BioBlitz Surveys - Wetland'!B19 -> Equisetum palustre | B21: ='BioBlitz Surveys - Wetland'!C19 -> Marsh horsetail | C21: ='BioBlitz Surveys - Wetland'!D19 -> Grass or Sedge | Graminée | D21: ='BioBlitz Surveys - Wetland'!E19 -> Purple | E21: ='BioBlitz Surveys - Wetland'!I19 | F21: ='BioBlitz Surveys - Wetland'!N19 -> 0.05 | G21: ='BioBlitz Surveys - Wetland'!S19 | H21: ='BioBlitz Surveys - Wetland'!X19 | I21: ='BioBlitz Surveys - Wetland'!AC19 | J21: =AVERAGE(E21:I21) -> 0.05 | M21: ='BioBlitz Surveys - Forest'!B19 -> Onoclea sensibilis | N21: ='BioBlitz Surveys - Forest'!C19 -> Sensitive Fern | O21: ='BioBlitz Surveys - Forest'!D19 -> Fern | Fougère | P21: ='BioBlitz Surveys - Forest'!E19 -> Pink | Q21: ='BioBlitz Surveys - Forest'!I19 -> 0.25 | R21: ='BioBlitz Surveys - Forest'!N19 -> 0.75 | S21: ='BioBlitz Surveys - Forest'!S19 | T21: ='BioBlitz Surveys - Forest'!X19 -> 0.25 | U21: ='BioBlitz Surveys - Forest'!AC19 | V21: =AVERAGE(Q21:U21) -> 0.41666667
A22: ='BioBlitz Surveys - Wetland'!B20 -> Lysimachia sp. | B22: ='BioBlitz Surveys - Wetland'!C20 -> Loosestrifes | C22: ='BioBlitz Surveys - Wetland'!D20 -> Grass or Sedge | Graminée | D22: ='BioBlitz Surveys - Wetland'!E20 -> Purple | E22: ='BioBlitz Surveys - Wetland'!I20 -> 0.05 | F22: ='BioBlitz Surveys - Wetland'!N20 | G22: ='BioBlitz Surveys - Wetland'!S20 | H22: ='BioBlitz Surveys - Wetland'!X20 | I22: ='BioBlitz Surveys - Wetland'!AC20 | J22: =AVERAGE(E22:I22) -> 0.05 | M22: ='BioBlitz Surveys - Forest'!B20 -> Phalaris canariensis | N22: ='BioBlitz Surveys - Forest'!C20 -> seed canary grass | O22: ='BioBlitz Surveys - Forest'!D20 -> Grass or Sedge | Graminée | P22: ='BioBlitz Surveys - Forest'!E20 -> Pink | Q22: ='BioBlitz Surveys - Forest'!I20 | R22: ='BioBlitz Surveys - Forest'!N20 | S22: ='BioBlitz Surveys - Forest'!S20 -> 0.75 | T22: ='BioBlitz Surveys - Forest'!X20 -> 0.5 | U22: ='BioBlitz Surveys - Forest'!AC20 | V22: =AVERAGE(Q22:U22) -> 0.625
A23: ='BioBlitz Surveys - Wetland'!B21 -> Sphagnum sp. | B23: ='BioBlitz Surveys - Wetland'!C21 -> Sphagnum moss | C23: ='BioBlitz Surveys - Wetland'!D21 -> Moss | Mousse | D23: ='BioBlitz Surveys - Wetland'!E21 -> Purple | E23: ='BioBlitz Surveys - Wetland'!I21 -> 1 | F23: ='BioBlitz Surveys - Wetland'!N21 -> 1 | G23: ='BioBlitz Surveys - Wetland'!S21 -> 0.75 | H23: ='BioBlitz Surveys - Wetland'!X21 -> 1 | I23: ='BioBlitz Surveys - Wetland'!AC21 -> 1 | J23: =AVERAGE(E23:I23) -> 0.95 | M23: ='BioBlitz Surveys - Forest'!B21 -> poales | N23: ='BioBlitz Surveys - Forest'!C21 -> Grass 1 | O23: ='BioBlitz Surveys - Forest'!D21 -> Grass or Sedge | Graminée | P23: ='BioBlitz Surveys - Forest'!E21 -> Pink | Q23: ='BioBlitz Surveys - Forest'!I21 -> 0.5 | R23: ='BioBlitz Surveys - Forest'!N21 | S23: ='BioBlitz Surveys - Forest'!S21 | T23: ='BioBlitz Surveys - Forest'!X21 | U23: ='BioBlitz Surveys - Forest'!AC21 -> 0.5 | V23: =AVERAGE(Q23:U23) -> 0.5
A24: ='BioBlitz Surveys - Wetland'!B22 -> Spiraea sp. | B24: ='BioBlitz Surveys - Wetland'!C22 -> Meadowsweets | C24: ='BioBlitz Surveys - Wetland'!D22 -> Shrub | Arbuste | D24: ='BioBlitz Surveys - Wetland'!E22 -> Purple | E24: ='BioBlitz Surveys - Wetland'!I22 -> 0.05 | F24: ='BioBlitz Surveys - Wetland'!N22 -> 0.05 | G24: ='BioBlitz Surveys - Wetland'!S22 | H24: ='BioBlitz Surveys - Wetland'!X22 -> 0.05 | I24: ='BioBlitz Surveys - Wetland'!AC22 -> 0.05 | J24: =AVERAGE(E24:I24) -> 0.05 | M24: ='BioBlitz Surveys - Forest'!B22 -> Prunus serotina | N24: ='BioBlitz Surveys - Forest'!C22 -> black cherry | O24: ='BioBlitz Surveys - Forest'!D22 -> Deciduous tree | Arbre décidu | P24: ='BioBlitz Surveys - Forest'!E22 -> Pink | Q24: ='BioBlitz Surveys - Forest'!I22 | R24: ='BioBlitz Surveys - Forest'!N22 | S24: ='BioBlitz Surveys - Forest'!S22 -> 0.75 | T24: ='BioBlitz Surveys - Forest'!X22 | U24: ='BioBlitz Surveys - Forest'!AC22
A25: ='BioBlitz Surveys - Wetland'!B23 -> Subfamily Cyperoideae | B25: ='BioBlitz Surveys - Wetland'!C23 -> Grass/sedge | C25: ='BioBlitz Surveys - Wetland'!D23 -> Grass or Sedge | Graminée | D25: ='BioBlitz Surveys - Wetland'!E23 -> Purple | E25: ='BioBlitz Surveys - Wetland'!I23 | F25: ='BioBlitz Surveys - Wetland'!N23 -> 0.05 | G25: ='BioBlitz Surveys - Wetland'!S23 -> 0.05 | H25: ='BioBlitz Surveys - Wetland'!X23 -> 0.25 | I25: ='BioBlitz Surveys - Wetland'!AC23 | J25: =AVERAGE(E25:I25) -> 0.11666667 | M25: ='BioBlitz Surveys - Forest'!B23 -> Prunus virginiana | N25: ='BioBlitz Surveys - Forest'!C23 -> choke cherry | O25: ='BioBlitz Surveys - Forest'!D23 -> Deciduous tree | Arbre décidu | P25: ='BioBlitz Surveys - Forest'!E23 -> Pink | Q25: ='BioBlitz Surveys - Forest'!I23 -> 0.05 | R25: ='BioBlitz Surveys - Forest'!N23 | S25: ='BioBlitz Surveys - Forest'!S23 | T25: ='BioBlitz Surveys - Forest'!X23 | U25: ='BioBlitz Surveys - Forest'!AC23 | V25: =AVERAGE(Q25:U25) -> 0.05
A26: ='BioBlitz Surveys - Wetland'!B24 -> Typha sp. | B26: ='BioBlitz Surveys - Wetland'!C24 -> Cattails | C26: ='BioBlitz Surveys - Wetland'!D24 -> Aquatic plant | Plante aquatique | D26: ='BioBlitz Surveys - Wetland'!E24 -> Purple | E26: ='BioBlitz Surveys - Wetland'!I24 -> 0.05 | F26: ='BioBlitz Surveys - Wetland'!N24 -> 0.05 | G26: ='BioBlitz Surveys - Wetland'!S24 -> 0.05 | H26: ='BioBlitz Surveys - Wetland'!X24 -> 0.05 | I26: ='BioBlitz Surveys - Wetland'!AC24 -> 0.05 | J26: =AVERAGE(E26:I26) -> 0.05 | M26: ='BioBlitz Surveys - Forest'!B24 -> Solidago | N26: ='BioBlitz Surveys - Forest'!C24 -> Golden Rod | O26: ='BioBlitz Surveys - Forest'!D24 -> Grass or Sedge | Graminée | P26: ='BioBlitz Surveys - Forest'!E24 -> Pink | Q26: ='BioBlitz Surveys - Forest'!I24 | R26: ='BioBlitz Surveys - Forest'!N24 | S26: ='BioBlitz Surveys - Forest'!S24 | T26: ='BioBlitz Surveys - Forest'!X24 | U26: ='BioBlitz Surveys - Forest'!AC24 -> 0.25 | V26: =AVERAGE(Q26:U26) -> 0.25
A27: ='BioBlitz Surveys - Wetland'!B25 -> Chamaedaphne calyculata | B27: ='BioBlitz Surveys - Wetland'!C25 -> Leatherleaf | C27: ='BioBlitz Surveys - Wetland'!D25 -> Evergreen tree | Arbre sempervirent | D27: ='BioBlitz Surveys - Wetland'!E25 -> Yellow | E27: ='BioBlitz Surveys - Wetland'!I25 -> 1 | F27: ='BioBlitz Surveys - Wetland'!N25 -> 0.75 | G27: ='BioBlitz Surveys - Wetland'!S25 -> 0.75 | H27: ='BioBlitz Surveys - Wetland'!X25 | I27: ='BioBlitz Surveys - Wetland'!AC25 -> 0.5 | J27: =AVERAGE(E27:I27) -> 0.75 | M27: ='BioBlitz Surveys - Forest'!B25 -> Tamias | N27: ='BioBlitz Surveys - Forest'!C25 -> Chipmunks | O27: ='BioBlitz Surveys - Forest'!D25 -> Insect | Insecte | P27: ='BioBlitz Surveys - Forest'!E25 -> Pink | Q27: ='BioBlitz Surveys - Forest'!I25 | R27: ='BioBlitz Surveys - Forest'!N25 | S27: ='BioBlitz Surveys - Forest'!S25 | T27: ='BioBlitz Surveys - Forest'!X25 | U27: ='BioBlitz Surveys - Forest'!AC25 | V27: =AVERAGE(Q27:U27) -> #DIV/0!
A28: ='BioBlitz Surveys - Wetland'!B26 -> Larix laricina | B28: ='BioBlitz Surveys - Wetland'!C26 -> Larch | C28: ='BioBlitz Surveys - Wetland'!D26 -> Deciduous tree | Arbre décidu | D28: ='BioBlitz Surveys - Wetland'!E26 -> Yellow | E28: ='BioBlitz Surveys - Wetland'!I26 -> 0.05 | F28: ='BioBlitz Surveys - Wetland'!N26 | G28: ='BioBlitz Surveys - Wetland'!S26 | H28: ='BioBlitz Surveys - Wetland'!X26 -> 0.05 | I28: ='BioBlitz Surveys - Wetland'!AC26 -> 0.05 | J28: =AVERAGE(E28:I28) -> 0.05 | M28: ='BioBlitz Surveys - Forest'!B26 -> Acer rubrum | N28: ='BioBlitz Surveys - Forest'!C26 -> Red Maple | O28: ='BioBlitz Surveys - Forest'!D26 -> Deciduous tree | Arbre décidu | P28: ='BioBlitz Surveys - Forest'!E26 -> Purple | Q28: ='BioBlitz Surveys - Forest'!I26 -> 1 | R28: ='BioBlitz Surveys - Forest'!N26 -> 0.05 | S28: ='BioBlitz Surveys - Forest'!S26 -> 0.75 | T28: ='BioBlitz Surveys - Forest'!X26 -> 1 | U28: ='BioBlitz Surveys - Forest'!AC26 -> 1 | V28: =AVERAGE(Q28:U28) -> 0.76
A29: ='BioBlitz Surveys - Wetland'!B27 -> Aronia melanocarpa | B29: ='BioBlitz Surveys - Wetland'!C27 -> Black chockeberry | C29: ='BioBlitz Surveys - Wetland'!D27 -> Shrub | Arbuste | D29: ='BioBlitz Surveys - Wetland'!E27 -> Yellow | E29: ='BioBlitz Surveys - Wetland'!I27 | F29: ='BioBlitz Surveys - Wetland'!N27 | G29: ='BioBlitz Surveys - Wetland'!S27 | H29: ='BioBlitz Surveys - Wetland'!X27 -> 0.01 | I29: ='BioBlitz Surveys - Wetland'!AC27 -> 0.05 | J29: =AVERAGE(E29:I29) -> 0.03 | M29: ='BioBlitz Surveys - Forest'!B27 -> Acer sp. | N29: ='BioBlitz Surveys - Forest'!C27 -> Maple | O29: ='BioBlitz Surveys - Forest'!D27 -> Deciduous tree | Arbre décidu | P29: ='BioBlitz Surveys - Forest'!E27 -> Purple | Q29: ='BioBlitz Surveys - Forest'!I27 | R29: ='BioBlitz Surveys - Forest'!N27 -> 0.05 | S29: ='BioBlitz Surveys - Forest'!S27 -> 0.05 | T29: ='BioBlitz Surveys - Forest'!X27 | U29: ='BioBlitz Surveys - Forest'!AC27 | V29: =AVERAGE(Q29:U29) -> 0.05
A30: ='BioBlitz Surveys - Wetland'!B28 -> Eriophorum angostifolium | B30: ='BioBlitz Surveys - Wetland'!C28 -> Cotton Grass | C30: ='BioBlitz Surveys - Wetland'!D28 -> Grass or Sedge | Graminée | D30: ='BioBlitz Surveys - Wetland'!E28 -> Yellow | E30: ='BioBlitz Surveys - Wetland'!I28 | F30: ='BioBlitz Surveys - Wetland'!N28 | G30: ='BioBlitz Surveys - Wetland'!S28 -> 0.05 | H30: ='BioBlitz Surveys - Wetland'!X28 -> 1 | I30: ='BioBlitz Surveys - Wetland'!AC28 -> 0.05 | J30: =AVERAGE(E30:I30) -> 0.36666667 | M30: ='BioBlitz Surveys - Forest'!B28 -> Cornus alternifolia | N30: ='BioBlitz Surveys - Forest'!C28 -> Alternate-leaved Dogwood | O30: ='BioBlitz Surveys - Forest'!D28 -> Shrub | Arbuste | P30: ='BioBlitz Surveys - Forest'!E28 -> Purple | Q30: ='BioBlitz Surveys - Forest'!I28 | R30: ='BioBlitz Surveys - Forest'!N28 | S30: ='BioBlitz Surveys - Forest'!S28 -> 0.05 | T30: ='BioBlitz Surveys - Forest'!X28 | U30: ='BioBlitz Surveys - Forest'!AC28 | V30: =AVERAGE(Q30:U30) -> 0.05
A31: ='BioBlitz Surveys - Wetland'!B29 -> Rhododendron neoglandulosum | B31: ='BioBlitz Surveys - Wetland'!C29 -> Labrador Tea | C31: ='BioBlitz Surveys - Wetland'!D29 -> Shrub | Arbuste | D31: ='BioBlitz Surveys - Wetland'!E29 -> Yellow | E31: ='BioBlitz Surveys - Wetland'!I29 -> 0.75 | F31: ='BioBlitz Surveys - Wetland'!N29 -> 0.5 | G31: ='BioBlitz Surveys - Wetland'!S29 -> 0.75 | H31: ='BioBlitz Surveys - Wetland'!X29 -> 0.75 | I31: ='BioBlitz Surveys - Wetland'!AC29 -> 0.5 | J31: =AVERAGE(E31:I31) -> 0.65 | M31: ='BioBlitz Surveys - Forest'!B29 -> Doellingeria umbellata | N31: ='BioBlitz Surveys - Forest'!C29 -> Flat-top White Aster | O31: ='BioBlitz Surveys - Forest'!D29 -> Grass or Sedge | Graminée | P31: ='BioBlitz Surveys - Forest'!E29 -> Purple | Q31: ='BioBlitz Surveys - Forest'!I29 | R31: ='BioBlitz Surveys - Forest'!N29 | S31: ='BioBlitz Surveys - Forest'!S29 | T31: ='BioBlitz Surveys - Forest'!X29 -> 0.05 | U31: ='BioBlitz Surveys - Forest'!AC29 | V31: =AVERAGE(Q31:U31) -> 0.05
A32: ='BioBlitz Surveys - Wetland'!B30 -> Sphagnum | B32: ='BioBlitz Surveys - Wetland'!C30 -> Common peat moss | C32: ='BioBlitz Surveys - Wetland'!D30 -> Moss | Mousse | D32: ='BioBlitz Surveys - Wetland'!E30 -> Yellow | E32: ='BioBlitz Surveys - Wetland'!I30 -> 1 | F32: ='BioBlitz Surveys - Wetland'!N30 -> 1 | G32: ='BioBlitz Surveys - Wetland'!S30 -> 1 | H32: ='BioBlitz Surveys - Wetland'!X30 -> 1 | I32: ='BioBlitz Surveys - Wetland'!AC30 -> 1 | J32: =AVERAGE(E32:I32) -> 1 | M32: ='BioBlitz Surveys - Forest'!B30 -> Frangula sp. | N32: ='BioBlitz Surveys - Forest'!C30 -> False-Buckthorns | O32: ='BioBlitz Surveys - Forest'!D30 -> Deciduous tree | Arbre décidu | P32: ='BioBlitz Surveys - Forest'!E30 -> Purple | Q32: ='BioBlitz Surveys - Forest'!I30 -> 0.25 | R32: ='BioBlitz Surveys - Forest'!N30 -> 0.25 | S32: ='BioBlitz Surveys - Forest'!S30 | T32: ='BioBlitz Surveys - Forest'!X30 -> 0.75 | U32: ='BioBlitz Surveys - Forest'!AC30 -> 0.25 | V32: =AVERAGE(Q32:U32) -> 0.375
A33: ='BioBlitz Surveys - Wetland'!B31 -> Vaccinium Cyanococcus | B33: ='BioBlitz Surveys - Wetland'!C31 -> Blueberry | C33: ='BioBlitz Surveys - Wetland'!D31 -> Shrub | Arbuste | D33: ='BioBlitz Surveys - Wetland'!E31 -> Yellow | E33: ='BioBlitz Surveys - Wetland'!I31 -> 0.75 | F33: ='BioBlitz Surveys - Wetland'!N31 -> 0.5 | G33: ='BioBlitz Surveys - Wetland'!S31 -> 0.75 | H33: ='BioBlitz Surveys - Wetland'!X31 | I33: ='BioBlitz Surveys - Wetland'!AC31 | J33: =AVERAGE(E33:I33) -> 0.66666667 | M33: ='BioBlitz Surveys - Forest'!B31 -> Prunus serotina | N33: ='BioBlitz Surveys - Forest'!C31 -> Black Cherry | O33: ='BioBlitz Surveys - Forest'!D31 -> Deciduous tree | Arbre décidu | P33: ='BioBlitz Surveys - Forest'!E31 -> Purple | Q33: ='BioBlitz Surveys - Forest'!I31 | R33: ='BioBlitz Surveys - Forest'!N31 | S33: ='BioBlitz Surveys - Forest'!S31 -> 0.05 | T33: ='BioBlitz Surveys - Forest'!X31 | U33: ='BioBlitz Surveys - Forest'!AC31 | V33: =AVERAGE(Q33:U33) -> 0.05
M34: ='BioBlitz Surveys - Forest'!B32 -> Prunus sp. | N34: ='BioBlitz Surveys - Forest'!C32 -> Plums, Cherries, and Allies | O34: ='BioBlitz Surveys - Forest'!D32 -> Shrub | Arbuste | P34: ='BioBlitz Surveys - Forest'!E32 -> Purple | Q34: ='BioBlitz Surveys - Forest'!I32 | R34: ='BioBlitz Surveys - Forest'!N32 | S34: ='BioBlitz Surveys - Forest'!S32 -> 0.05 | T34: ='BioBlitz Surveys - Forest'!X32 | U34: ='BioBlitz Surveys - Forest'!AC32 | V34: =AVERAGE(Q34:U34) -> 0.05
M35: ='BioBlitz Surveys - Forest'!B33 -> Spiraea sp. | N35: ='BioBlitz Surveys - Forest'!C33 -> Meadowsweets | O35: ='BioBlitz Surveys - Forest'!D33 -> Deciduous tree | Arbre décidu | P35: ='BioBlitz Surveys - Forest'!E33 -> Purple | Q35: ='BioBlitz Surveys - Forest'!I33 | R35: ='BioBlitz Surveys - Forest'!N33 -> 0.5 | S35: ='BioBlitz Surveys - Forest'!S33 | T35: ='BioBlitz Surveys - Forest'!X33 | U35: ='BioBlitz Surveys - Forest'!AC33 | V35: =AVERAGE(Q35:U35) -> 0.5
M36: ='BioBlitz Surveys - Forest'!B34 -> Tilia sp. | N36: ='BioBlitz Surveys - Forest'!C34 -> Lindens, Basswoods, and Lime Trees | O36: ='BioBlitz Surveys - Forest'!D34 -> Deciduous tree | Arbre décidu | P36: ='BioBlitz Surveys - Forest'!E34 -> Purple | Q36: ='BioBlitz Surveys - Forest'!I34 | R36: ='BioBlitz Surveys - Forest'!N34 -> 0.05 | S36: ='BioBlitz Surveys - Forest'!S34 | T36: ='BioBlitz Surveys - Forest'!X34 | U36: ='BioBlitz Surveys - Forest'!AC34 | V36: =AVERAGE(Q36:U36) -> 0.05
M37: ='BioBlitz Surveys - Forest'!B35 -> Ageratina aromatica | N37: ='BioBlitz Surveys - Forest'!C35 -> White snakeroot | O37: ='BioBlitz Surveys - Forest'!D35 -> Grass or Sedge | Graminée | P37: ='BioBlitz Surveys - Forest'!E35 -> Yellow | Q37: ='BioBlitz Surveys - Forest'!I35 | R37: ='BioBlitz Surveys - Forest'!N35 | S37: ='BioBlitz Surveys - Forest'!S35 | T37: ='BioBlitz Surveys - Forest'!X35 -> 0.25 | U37: ='BioBlitz Surveys - Forest'!AC35 | V37: =AVERAGE(Q37:U37) -> 0.25
M38: ='BioBlitz Surveys - Forest'!B36 -> Alnus incana | N38: ='BioBlitz Surveys - Forest'!C36 -> Gray alder | O38: ='BioBlitz Surveys - Forest'!D36 -> Deciduous tree | Arbre décidu | P38: ='BioBlitz Surveys - Forest'!E36 -> Yellow | Q38: ='BioBlitz Surveys - Forest'!I36 | R38: ='BioBlitz Surveys - Forest'!N36 -> 0.25 | S38: ='BioBlitz Surveys - Forest'!S36 | T38: ='BioBlitz Surveys - Forest'!X36 | U38: ='BioBlitz Surveys - Forest'!AC36 | V38: =AVERAGE(Q38:U38) -> 0.25
M39: ='BioBlitz Surveys - Forest'!B37 -> Frangula alnus | N39: ='BioBlitz Surveys - Forest'!C37 -> False Buckthorn | O39: ='BioBlitz Surveys - Forest'!D37 -> Deciduous tree | Arbre décidu | P39: ='BioBlitz Surveys - Forest'!E37 -> Yellow | Q39: ='BioBlitz Surveys - Forest'!I37 -> 1 | R39: ='BioBlitz Surveys - Forest'!N37 -> 0.5 | S39: ='BioBlitz Surveys - Forest'!S37 -> 0.5 | T39: ='BioBlitz Surveys - Forest'!X37 | U39: ='BioBlitz Surveys - Forest'!AC37 -> 0.75 | V39: =AVERAGE(Q39:U39) -> 0.6875
M40: ='BioBlitz Surveys - Forest'!B38 -> Hygroamblystegium varium | N40: ='BioBlitz Surveys - Forest'!C38 -> Tangled thread moss | O40: ='BioBlitz Surveys - Forest'!D38 -> Moss | Mousse | P40: ='BioBlitz Surveys - Forest'!E38 -> Yellow | Q40: ='BioBlitz Surveys - Forest'!I38 | R40: ='BioBlitz Surveys - Forest'!N38 | S40: ='BioBlitz Surveys - Forest'!S38 | T40: ='BioBlitz Surveys - Forest'!X38 | U40: ='BioBlitz Surveys - Forest'!AC38 -> 0.05 | V40: =AVERAGE(Q40:U40) -> 0.05
M41: ='BioBlitz Surveys - Forest'!B39 -> Maianthemum racemosum | N41: ='BioBlitz Surveys - Forest'!C39 -> Soloman's plume | O41: ='BioBlitz Surveys - Forest'!D39 -> Grass or Sedge | Graminée | P41: ='BioBlitz Surveys - Forest'!E39 -> Yellow | Q41: ='BioBlitz Surveys - Forest'!I39 | R41: ='BioBlitz Surveys - Forest'!N39 -> 0.25 | S41: ='BioBlitz Surveys - Forest'!S39 | T41: ='BioBlitz Surveys - Forest'!X39 -> 0.01 | U41: ='BioBlitz Surveys - Forest'!AC39 | V41: =AVERAGE(Q41:U41) -> 0.13
M42: ='BioBlitz Surveys - Forest'!B40 -> Onoclea sensibilis | N42: ='BioBlitz Surveys - Forest'!C40 -> Sensitive fern | O42: ='BioBlitz Surveys - Forest'!D40 -> Fern | Fougère | P42: ='BioBlitz Surveys - Forest'!E40 -> Yellow | Q42: ='BioBlitz Surveys - Forest'!I40 | R42: ='BioBlitz Surveys - Forest'!N40 | S42: ='BioBlitz Surveys - Forest'!S40 -> 0.05 | T42: ='BioBlitz Surveys - Forest'!X40 | U42: ='BioBlitz Surveys - Forest'!AC40 -> 0.05 | V42: =AVERAGE(Q42:U42) -> 0.05
M43: ='BioBlitz Surveys - Forest'!B41 -> Potentilla | N43: ='BioBlitz Surveys - Forest'!C41 -> Cinquefoils | O43: ='BioBlitz Surveys - Forest'!D41 -> Shrub | Arbuste | P43: ='BioBlitz Surveys - Forest'!E41 -> Yellow | Q43: ='BioBlitz Surveys - Forest'!I41 | R43: ='BioBlitz Surveys - Forest'!N41 -> 0.5 | S43: ='BioBlitz Surveys - Forest'!S41 -> 0.75 | T43: ='BioBlitz Surveys - Forest'!X41 -> 0.05 | U43: ='BioBlitz Surveys - Forest'!AC41 -> 0.05 | V43: =AVERAGE(Q43:U43) -> 0.3375
M44: ='BioBlitz Surveys - Forest'!B42 -> Rubus occidentalis | N44: ='BioBlitz Surveys - Forest'!C42 -> Black raspberry | O44: ='BioBlitz Surveys - Forest'!D42 -> Shrub | Arbuste | P44: ='BioBlitz Surveys - Forest'!E42 -> Yellow | Q44: ='BioBlitz Surveys - Forest'!I42 | R44: ='BioBlitz Surveys - Forest'!N42 | S44: ='BioBlitz Surveys - Forest'!S42 | T44: ='BioBlitz Surveys - Forest'!X42 | U44: ='BioBlitz Surveys - Forest'!AC42 -> 0.05 | V44: =AVERAGE(Q44:U44) -> 0.05
M45: ='BioBlitz Surveys - Forest'!B43 -> Solidago | N45: ='BioBlitz Surveys - Forest'!C43 -> Goldenrod | O45: ='BioBlitz Surveys - Forest'!D43 -> Grass or Sedge | Graminée | P45: ='BioBlitz Surveys - Forest'!E43 -> Yellow | Q45: ='BioBlitz Surveys - Forest'!I43 -> 0.5 | R45: ='BioBlitz Surveys - Forest'!N43 | S45: ='BioBlitz Surveys - Forest'!S43 | T45: ='BioBlitz Surveys - Forest'!X43 | U45: ='BioBlitz Surveys - Forest'!AC43
M46: ='BioBlitz Surveys - Forest'!B44 -> Symphyotritum ericoides | N46: ='BioBlitz Surveys - Forest'!C44 -> White aster | O46: ='BioBlitz Surveys - Forest'!D44 -> Grass or Sedge | Graminée | P46: ='BioBlitz Surveys - Forest'!E44 -> Yellow | Q46: ='BioBlitz Surveys - Forest'!I44 | R46: ='BioBlitz Surveys - Forest'!N44 | S46: ='BioBlitz Surveys - Forest'!S44 -> 0.05 | T46: ='BioBlitz Surveys - Forest'!X44 -> 0.5 | U46: ='BioBlitz Surveys - Forest'!AC44 | V46: =AVERAGE(Q46:U46) -> 0.275
M47: ='BioBlitz Surveys - Forest'!B45 -> Tiarella cordifolia | N47: ='BioBlitz Surveys - Forest'!C45 -> Foam flower | O47: ='BioBlitz Surveys - Forest'!D45 -> Grass or Sedge | Graminée | P47: ='BioBlitz Surveys - Forest'!E45 -> Yellow | Q47: ='BioBlitz Surveys - Forest'!I45 -> 1 | R47: ='BioBlitz Surveys - Forest'!N45 | S47: ='BioBlitz Surveys - Forest'!S45 | T47: ='BioBlitz Surveys - Forest'!X45 | U47: ='BioBlitz Surveys - Forest'!AC45 | V47: =AVERAGE(Q47:U47) -> 1

Sheet Site coordinates
A4: Field activity | B4: Site ID | C4: Colour | D4: Latitude (N) | E4: Longitude (W)
A5: Water sampling | B5: Wetland Site A | C5: Yellow | D5: ='Physicochemical Data - Wetland'!B5 -> 45.393 | E5: ='Physicochemical Data - Wetland'!B6 -> -75.509
A6: Water sampling | B6: Wetland Site B | C6: Pink | D6: ='Physicochemical Data - Wetland'!B16 -> 45.392 | E6: ='Physicochemical Data - Wetland'!B17 -> -75.51
A7: Water sampling | B7: Wetland Site C | C7: Purple | D7: ='Physicochemical Data - Wetland'!B28 -> 45.392 | E7: ='Physicochemical Data - Wetland'!B29 -> -75.509
A8: BioBlitz Wetland | B8: Pink
A9: BioBlitz Wetland | B9: Yellow
A10: BioBlitz Wetland | B10: Purple
A11: BioBlitz Forest | B11: Pink
A12: BioBlitz Forest | B12: Yellow
A13: BioBlitz Forest | B13: Purple
